name,slug,description,assets,facets,optionGroups,optionValues,sku,price,taxCategory,stockOnHand,trackInventory,variantAssets,variantFacets
Absolute,absolute,Absolute,https://www.greenlife.co.ke/wp-content/uploads/2022/03/Absolute.png,category:pest & disease control|company:greenlife|type:inputs ,Ml,100,A2024020800001,666,zero,100,,,
Aceprid,aceprid,Aceprid,https://karvelasavee.gr/wp-content/uploads/2021/03/ACEPRID-1-lt_white-2.jpg,category:pest & disease control|company:agrichem africa ltd|type:inputs,Grams,100,A2024020800002,330,zero,100,,,
Acetastar,acetastar,Acetastar,https://www.adama.com/east-africa/sites/adama_east_africa/files/styles/product_header_image_desktop/public/product-images/ACETASTAR-ken--M_tcm141-75932.png?itok=KZllYId8,category:pest & disease control|company:adama agriculture east africa ltd|type:inputs,Ml,100,A2024020800003,250,zero,100,,,
Acteclic Dust,acteclic-dust,Acteclic Dust,https://agrofog.com/wp-content/uploads/2021/07/syngenta-zyrox-600x600.jpg,category:others|company:syngenta|type:inputs,Grams,50,A2024020800004,580,zero,100,,,
,,,,,Kg,2,A2024020800005,2230,zero,100,,,
Actelic,actelic,Actelic,https://canada-plastics.com/wp-content/uploads/2020/11/plexiglass-acrylic-sheets-uses-benefits-canada-plastics.jpg,category:insecticides|company:nobrook|type:inputs,Grams,100,A2024020800006,68,zero,100,,,
Actelic Gold,actelic-gold,Actelic Gold,https://res.cloudinary.com/dhsjpmqz9/f_auto,q_auto,w_700,c_fill,g_auto/Actellic_Gold_Dust_DSC01209_klttmh,,Pieces,50,A2024020800007,100,zero,100,,,
Actelic Liquid,actelic-liquid,Actelic Liquid,https://agrofog.com/wp-content/uploads/2021/07/syngenta-actellic.jpg,category:pest & disease control|company:syngenta|type:inputs,Ml,100,A2024020800008,765,zero,100,,,
Actelic Super,actelic-super,Actelic Super,https://twigachemicals.com/wp-content/uploads/2022/03/Actellic-Super.jpg,,Grams,500,A2024020800009,380,zero,100,,,
Actellic Gold Dust,actellic-gold-dust,Actellic Gold Dust,https://res.cloudinary.com/dhsjpmqz9/f_auto,q_auto,w_700,c_fill,g_auto/Actellic_Gold_Dust_DSC01209_klttmh.webp,category:hermetic|company:twiga chemical industries ltd.|type:inputs,Grams,100,A2024020800010,191,zero,100,,,
Actellic Insectside,actellic-insectside,Actellic Insectside,https://agrofog.com/wp-content/uploads/2022/12/syngenta-actellic300cs-2.jpg,category:pest & disease control|company:twiga chemical industries ltd.|type:inputs,Grams,200,A2024020800011,186,zero,100,,,
,,,,,Ml,200,A2024020800012,209,zero,100,,,
Actellic Insectside 3 Pic,actellic-insectside-3-pic,Actellic Insectside 3 Pic,https://pesafrica.net/wp-content/uploads/2023/09/Actellic-300-CS.jpg,,Kg,1,A2024020800013,650,zero,100,,,
Actellic Super,actellic-super,Actellic Super,https://twigachemicals.com/wp-content/uploads/2022/03/Actellic-Super.jpg,,Grams,100,A2024020800014,120,zero,100,,,
Acteric,acteric,Acteric,https://laarboleda.cr/LDCOM_V12/SERV_ADMIN_FILES/Archivos/Imagenes/Articulos_MED/S0064--112_MED.png,category:insecticides|category:livestock products|company:twiga|type:inputs,Grams,10,A2024020800015,50,zero,100,,,
Actraz,actraz,Actraz,https://jojemiagroshop.co.ke/wp-content/uploads/2023/06/Actraz.png,category:livestock products|acaricides company:osho chemical industries ltd|type:inputs,Ml,40,A2024020800016,200,zero,100,,,
Adacycline,adacycline,Adacycline,https://www.pavesvetagro.co.ke/images/catalog/Antibiotics/index24.jpg,category:drugs|company:bimeda kenya|type:inputs,Ml,100,A2024020800017,290,zero,100,,,
Adacycline 20%,adacycline-20-%,Adacycline 20 %,https://www.pavesvetagro.co.ke/images/catalog/Antibiotics/index24.jpg,,Ml,100,A2024020800018,333,zero,100,,,
Adamycin,adamycin,Adamycin,https://www.bimeda.co.ke/media/k2/items/cache/8ee107fb8e11fa27c5eb0c84c03d7dff_XL.jpg,category:pest & disease control|company:bimeda kenya|type:inputs,Ml,100,A2024020800019,405,zero,100,,,
Adamycin 10% ,adamycin-10%,Adamycin 10% ,https://www.bimeda.co.ke/media/k2/items/cache/8ee107fb8e11fa27c5eb0c84c03d7dff_XL.jpg,,Ml,100,A2024020800020,382,zero,100,,,
Advanced Dairy Concentrate,advanced-dairy-concentrate,Advanced Dairy Concentrate,https://unga-group.com/wp-content/uploads/2019/06/Dairy-Concentrate.png,category:salts|company:allure animal health ltd|type:inputs,Kg,1,A2024020800021,158,zero,100,,,
Aerine,aerine,Aerine,https://5.imimg.com/data5/SELLER/Default/2023/4/303882682/DG/HX/LS/56685307/bayer-roundup-herbicide.jpg,category:herbicide|company:bayer monsanto|type:inputs,Litre,5,A2024020800022,2200,zero,100,,,
Aflacf,aflacf,Aflacf,,category:fungicides|company:kalro|type:inputs,Kg,2,A2024020800023,380,zero,100,,,
African Night Shade,african-night-shade,African Night Shade,https://images-eu.ssl-images-amazon.com/images/I/41ZBsu23ghL._AC_UL210_SR210,210_.jpg,,Grams,100,A2024020800024,250,zero,100,,,
Afya Bora,afya-bora,Afya Bora,https://unga-group.com/wp-content/uploads/2020/12/Joto-Plus-1.png,category:livestock products|company:unga|type:inputs,Kg,1,A2024020800025,150,zero,100,,,
Afyabora Stocklick,afyabora-stocklick,Afyabora Stocklick,https://unga-group.com/wp-content/uploads/2019/06/Stock-Lick.png,category:livestock products|company:unga ltd|type:inputs,Kg,5,A2024020800026,260,zero,100,,,
Agr Grow Extra,agr-grow-extra,Agr Grow Extra,http://www.agrichemtz.com/img/products/Agrigrow_Crystalline_VegetativExtra.png,category:fertilizers|company:agrichem africa ltd|type:inputs,Grams,500,A2024020800027,150,zero,100,,,
,,,,,Kg,1,A2024020800028,250,zero,100,,,
Agral,agral,Agral,https://twigachemicals.com/wp-content/uploads/2022/03/Agral-90.jpg,,Ml,50,A2024020800029,87,zero,100,,,
Agrigrow,agrigrow,Agrigrow,https://negocia.in/Upload/Product/original/6601.jpg,category:foliar|company:agrichem africa ltd|type:inputs,Grams,250,A2024020800030,150,zero,100,,,
,,,,,Kg,1,A2024020800031,180,zero,100,,,
Agrigrow Highmax,agrigrow-highmax,Agrigrow Highmax,https://agrichemafrica.com/wp-content/uploads/2020/11/Agrigrow-1024x455.jpg,category:foliar|company:highchem|type:inputs,Ml,500,A2024020800032,350,zero,100,,,
,,,,,Litre,1,A2024020800033,700,zero,100,,,
Agrimec,agrimec,Agrimec,https://inputs.kalgudi.com/data/p_images/1612332276616.jpeg,category:pest & disease control|company:kenagro supplies ltd|type:inputs,Ml,100,A2024020800034,270,zero,100,,,
,,,,,Kg,50,A2024020800035,170,zero,100,,,
Agrimine 24D,agrimine-24d,Agrimine 24D,,category:herbicide|company:agriscope africa ltd.|type:inputs,Litre,1,A2024020800036,500,zero,100,,,
Agripack Carrots,agripack-carrots,Agripack Carrots,,category:seeds|company:agripack seeds ltd|type:inputs,Grams,500,A2024020800037,1250,zero,100,,,
Agro Z Bags,agro-z-bags,Agro Z Bags,https://pictures-kenya.jijistatic.com/55155218_NjIwLTUxOC1kNjNlYTc5YjVm.webp,category:sacks|company:makamithi|type:inputs,Kg,100,A2024020800038,220,zero,100,,,
Agromaster,agromaster,Agromaster,https://www.perfarelalbero.it/559662-large_default/agromaster-npk-14-7-14.jpg,category:fertilizers|company:icl|type:inputs,Litre,5,A2024020800039,3000,zero,100,,,
Agromax,agromax,Agromax,https://5.imimg.com/data5/SELLER/Default/2021/12/SG/XI/BI/66828522/agromax-granulated-soil-conditioner-500x500.jpeg,category:pest & disease control|company:agrosolutions (k) ltd.|type:inputs,Grams,250,A2024020800040,430,zero,100,,,
,,,,,Kg,1,A2024020800041,1350,zero,100,,,
Agroset Bag,agroset-bag,Agroset Bag,https://imaginecare.co.ke/wp-content/uploads/2021/11/AgroZ-Bag-Plus.png,category:sacks|company:agroset|type:inputs,Pieces,5,A2024020800042,199,zero,100,,,
Agroz Hermetic Bags,agroz-hermetic-bags,Agroz Hermetic Bags,https://imaginecare.co.ke/wp-content/uploads/2021/11/AgroZ-Bag-Plus..png,category:hermetic|company:ago z|type:inputs,Kg,100,A2024020800043,220,zero,100,,,
,,,,,Sacks,5,A2024020800044,220,zero,100,,,
Agrozyme,agrozyme,Agrozyme,https://3.imimg.com/data3/PL/GC/MY-2815402/agro-zyme-500x500.jpg,category:plant growth booster|company:agrichem africa ltd|type:inputs,Ml,100,A2024020800045,120,zero,100,,,
Aibendazole,aibendazole,Aibendazole,https://www.netmeds.com/images/product-v1/600x600/962199/albendazole_cadila_suspension_10ml_494386_3_0.jpg,category:drugs|company:coopers kenya ltd|type:inputs,Ml,500,A2024020800046,450,zero,100,,,
Airtime,airtime,Airtime,,category:others|company:safaricom|type:inputs,Others,100,A2024020800047,100,zero,100,,,
Alamycin Aerosol,alamycin-aerosol,Alamycin Aerosol,https://www.shs.co.id/wp-content/uploads/2021/09/Alamycin-Aerosol.jpg,category:livestock products|company:norobrok|type:inputs,Grams,140,A2024020800048,320,zero,100,,,
Alamycin Spray,alamycin-spray,Alamycin Spray,https://alfamed.ie/wp-content/uploads/2020/12/Alamycin-Spray-2-jpg.jpg,,Grams,140,A2024020800049,320,zero,100,,,
Albafas,albafas,Albafas,https://images.app.goo.gl/TCh4ngEDYEZP2epJ6,category:livestock products|company:other|type:inputs,Ml,40,A2024020800050,60,zero,100,,,
,,,,,Litre,1,A2024020800051,580,zero,100,,,
Albafas 10%,albafas-10%,Albafas 10%,https://images.app.goo.gl/TCh4ngEDYEZP2epJ6,category:drugs|company:triachem|type:inputs,Ml,40,A2024020800052,65,zero,100,,,
Albafas 2.5%,albafas-2.5%,Albafas 2.5%,https://images.app.goo.gl/TCh4ngEDYEZP2epJ6,,Litre,1,A2024020800054,250,zero,100,,,
,,,,,Ml,500,A2024020800055,135,zero,100,,,
Albaroex,albaroex,Albaroex,https://galaxymedi.com/wp-content/uploads/2020/06/albroxjuniorsyrup1-768x768.jpg,category:pest & disease control|company:other|type:inputs,Ml,40,A2024020800056,60,zero,100,,,
Albenbolus,albenbolus,Albenbolus,https://5.imimg.com/data5/SELLER/Default/2023/3/DE/CW/PZ/127119446/albamac-1-5gm-bolus.jpg,category:livestock products|company:coopers kenya ltd|type:inputs,Grams,300,A2024020800057,12,zero,100,,,
Albendazole,albendazole,Albendazole,https://5.imimg.com/data5/SELLER/Default/2020/11/FV/NR/KM/111692368/albendazole-tablet.jpg,,Litre,1,A2024020800058,643,zero,100,,,
,,,,,Ml,250,A2024020800059,240,zero,100,,,
Albendazole 10%,albendazole-10%,Albendazole 10%,https://encrypted-tbn0.gstatic.com/images?q=tbn:ANd9GcSYwFLDo6hSuA2NwfELvQpks5FrGBTeGlEhsw&usqp=CAU,,Ml,250,A2024020800060,250,zero,100,,,
Albendazole 2.5%,albendazole-2.5%,Albendazole 2.5%,https://encrypted-tbn0.gstatic.com/images?q=tbn:ANd9GcSYwFLDo6hSuA2NwfELvQpks5FrGBTeGlEhsw&usqp=CAU,category:others|company:bimeda kenya|type:inputs,Ml,125,A2024020800061,50,zero,100,,,
Albendazole Drench 2.5%,albendazole-drench-2.5%,Albendazole Drench 2.5%,https://encrypted-tbn0.gstatic.com/images?q=tbn:ANd9GcSYwFLDo6hSuA2NwfELvQpks5FrGBTeGlEhsw&usqp=CAU,,Ml,120,A2024020800062,58,zero,100,,,
Albendazole Plus 10%,albendazole-plus-10%,Albendazole Plus 10%,https://encrypted-tbn0.gstatic.com/images?q=tbn:ANd9GcSYwFLDo6hSuA2NwfELvQpks5FrGBTeGlEhsw&usqp=CAU,,Ml,250,A2024020800063,219,zero,100,,,
Albendex,albendex,Albendex,https://spveterinaria.global/img/nju2ZqJv/900x600/1456.jpg,category:livestock products|company:alfavet|type:inputs,Grams,300,A2024020800064,10,zero,100,,,
Albendex 10%,albendex-10%,Albendex 10%,https://spveterinaria.global/img/nju2ZqJv/900x600/1456.jpg,category:livestock products|company:vetcare africa|type:inputs,Litre,1,A2024020800065,550,zero,100,,,
Albendex 2.5%,albendex-2.5%,Albendex 2.5%,https://spveterinaria.global/img/nju2ZqJv/900x600/1456.jpg,,Ml,120,A2024020800066,50,zero,100,,,
Albevet,albevet,Albevet,https://mobedco.com/wp-content/uploads/2023/02/587990432albevet-10.jpg,category:livestock products|company:medisel ltd|type:inputs,. Grams,2,A2024020800067,15,zero,100,,,
Albevet 10%,albevet-10%,Albevet 10%,https://mobedco.com/wp-content/uploads/2023/02/587990432albevet-10.jpg,category:livestock products|company:medisel|type:inputs,Ml,500,A2024020800068,370,zero,100,,,
Alfacyper,alfacyper,Alfacyper,https://murphychemicals.co.ke/wp-content/uploads/elementor/thumbs/ALFACYPER-otsqik4ym40m5kzqwgnagupkzbq5iyygj46yqrsn00.jpg,category:pest & disease control|company:murphy chemicals|type:inputs,Ml,50,A2024020800069,90,zero,100,,,
Alfatox,alfatox,Alfatox,https://www.static-src.com/wcsstore/Indraprastha/images/catalog/full//103/MTA-54391657/no-brand_insektisida-alfatox-50ec-250ml-untuk-ulat-grayak_full01.jpg,category:pest & disease control|company:insecta (k)|type:inputs,Ml,250,A2024020800070,475,zero,100,,,
Alfatox 100Ec,alfatox-100ec,Alfatox 100Ec,https://www.static-src.com/wcsstore/Indraprastha/images/catalog/full//103/MTA-54391657/no-brand_insektisida-alfatox-50ec-250ml-untuk-ulat-grayak_full01.jpg,,Ml,100,A2024020800071,200,zero,100,,,
Alisary,alisary,Alisary,,category:others|company:holland|type:inputs,Grams,30,A2024020800072,180,zero,100,,,
All Purpose,all-purpose,All Purpose,https://encrypted-tbn0.gstatic.com/images?q=tbn:ANd9GcSlofRqaZUconEqZY8UkomKfCatYgUjR-Yrhp6cefgUlEfyIWdZco75qep6XX4vUCLPACI&usqp=CAU,category:livestock products|company:top ranch|type:inputs,Kg,5,A2024020800073,150,zero,100,,,
Alpha,alpha,Alpha,,category:pest & disease control|company:osho chemical industries ltd|type:inputs,Ml,50,A2024020800074,115,zero,100,,,
Alpha Degree,alpha-degree,Alpha Degree,https://pictures-kenya.jijistatic.com/22841609_NjIwLTgyNy1hZGU5MjE2OTQxLTE.webp,,Ml,100,A2024020800075,237,zero,100,,,
Alphacymba,alphacymba,Alphacymba,,category:pest & disease control|company:orbit|type:inputs,Ml,250,A2024020800076,445,zero,100,,,
Alphadegree,alphadegree,Alphadegree,https://pictures-kenya.jijistatic.com/22841609_NjIwLTgyNy1hZGU5MjE2OTQxLTE.webp,category:insecticides|company:agrichem africa ltd|type:inputs,Ml,50,A2024020800077,98,zero,100,,,
Alphakill,alphakill,Alphakill,https://pk-live-21.slatic.net/kf/S7bd448b0fbc64bb59084c43b62fd759dH.jpg,,Ml,100,A2024020800078,230,zero,100,,,
Alphasalphasin,alphasalphasin,Alphasalphasin,,category:pest & disease control|company:coopers kenya ltd|type:inputs,Ml,25,A2024020800079,60,zero,100,,,
Alphasin ,alphasin,Alphasin ,https://cdn.medigoapp.com/product/alphasin_kmp_khanh_minh_pharma_1_5dd1fb5210.jpg,category:insecticides|company:coopers kenya ltd|type:inputs,Ml,100,A2024020800080,300,zero,100,,,
Alphasumu 10Ec,alphasumu-10ec,Alphasumu 10Ec,https://5.imimg.com/data5/SELLER/Default/2023/5/311429087/WP/DV/VH/92805991/alpha-cypermethrin-10-ec.png,,Ml,100,A2024020800081,180,zero,100,,,
Alyseryl( Preventive Antibiotic),alyseryl(-preventive-antibiotic),Alyseryl( Preventive Antibiotic),https://www.interchemie.com/media/catalog/product/cache/1/image/1200x/040ec09b1e35df139433887a97daa66f/m/e/medicine_ws_-_aliseryl_ws_-_1000g_jar_and_100g_sachet_2.png,category:others|company:medicel|type:inputs,Grams,250,A2024020800082,200,zero,100,,,
Amaranthus Dubious Mchicha,amaranthus-dubious-mchicha,Amaranthus Dubious Mchicha,https://www.feedipedia.org/sites/default/files/images/amaranthus_graecizans_iefnaer_habit.jpg,category:seeds|company:simlaw seeds|type:inputs,Grams,10,A2024020800083,45,zero,100,,,
Ambar,ambar,Ambar,https://www.ckl.africa/wp-content/uploads/2018/02/Coopers-Africa-1_0002_ckl-ambar-480-sc.png,category:herbicide|company:coopers kenya ltd|type:inputs,Ml,200,A2024020800084,817,zero,100,,,
Amidiostat Plus (Dawa),amidiostat-plus-(dawa),Amidiostat Plus (Dawa),https://encrypted-tbn0.gstatic.com/images?q=tbn:ANd9GcR5NWOjgfMxWTfya7m_BtVViAIk7-Mc5PvJ889Ebs9VptfSrEYyKU1MejzRH5hJ8JHeHPc&usqp=CAU,category:poultry|company:medisel k ltd|type:inputs,Grams,30,A2024020800085,135,zero,100,,,
Amisil,amisil,Amisil,https://5.imimg.com/data5/IB/QF/MY-46571172/amisil.jpg,category:insecticides|company:amiran (k) ltd|type:inputs,Litre,1,A2024020800086,2138,zero,100,,,
,,,,,Ml,250,A2024020800087,620,zero,100,,,
Amistar,amistar,Amistar,https://cdn.shopify.com/s/files/1/0722/2059/products/1_40.webp?v=1674220672,category:herbicide|company:syngenta|type:inputs,Litre,1,A2024020800088,3200,zero,100,,,
Amistar Extra,amistar-extra,Amistar Extra,https://www.agriplexindia.com/cdn/shop/products/Amistar-xtra.png?v=1678698549,,Litre,1,A2024020800089,4200,zero,100,,,
Amito,amito,Amito,https://5.imimg.com/data5/SELLER/Default/2022/4/DI/LA/KA/61294604/amito-dx-syrup.jpg,category:insecticides|company:botachem industries|type:inputs,Grams,50,A2024020800090,282,zero,100,,,
Amplified Sow And Weaner,amplified-sow-and-weaner,Amplified Sow And Weaner,https://unga-group.com/wp-content/uploads/2019/06/sow-and-weaner.png,category:livestock products|company:tarajio industries lilited|type:inputs,Kg,5,A2024020800091,140,zero,100,,,
Animal Feed,animal-feed,Animal Feed,https://2.wlimg.com/product_images/bc-full/2020/12/7146538/animal-feed-1608982448-5664685.jpeg,category:livestock products|company:total campany|type:inputs,Bags,40,A2024020800092,900,zero,100,,,
Animatic Calcium,animatic-calcium,Animatic Calcium,https://jojemiagroshop.co.ke/wp-content/uploads/2023/06/calcyum.png,,Ml,100,A2024020800093,81,zero,100,,,
Animatic Dcp,animatic-dcp,Animatic Dcp,https://pictures-kenya.jijistatic.com/52845483_NjIwLTgyNy0xZmMzOGQ5YWVkLTE.webp,,Grams,250,A2024020800094,46,zero,100,,,
Apron Star,apron-star,Apron Star,https://storage.googleapis.com/ezyagric-media/image/Apron-Star-42WS-1kg.png,,Grams,10,A2024020800095,200,zero,100,,,
Apronstar,apronstar,Apronstar,https://storage.googleapis.com/ezyagric-media/image/Apron-Star-42WS-1kg.png,category:seedlings|company:sgengenta|type:inputs,Grams,10,A2024020800096,200,zero,100,,,
Aquawet,aquawet,Aquawet,https://agroduka.com/images/product/Aquawet2050SL.jpg,,Litre,1,A2024020800097,410,zero,100,,,
,,,,,Ml,500,A2024020800098,265,zero,100,,,
Ascarex,ascarex,Ascarex,https://agroduka.com/images/product/Ascarex.jpg,category:livestock products|company:cosmos|type:inputs,Grams,30,A2024020800102,110,zero,100,,,
Ascaten,ascaten,Ascaten,https://images.yaoota.com/QvBmH55K3yN5KvyqNT6tPdLfWRU=/trim/yaootaweb-production-ke/media/crawledproductimages/3b21f11d15ccf19d140453a2dadc2677980722c1.jpg,,Pieces,1,A2024020800103,15,zero,100,,,
Ascaten P,ascaten-p,Ascaten P,https://images.yaoota.com/QvBmH55K3yN5KvyqNT6tPdLfWRU=/trim/yaootaweb-production-ke/media/crawledproductimages/3b21f11d15ccf19d140453a2dadc2677980722c1.jpg,category:drugs|company:cosmos|type:inputs,Pieces,6,A2024020800104,13,zero,100,,,
Ascaten P Tabs,ascaten-p-tabs,Ascaten P Tabs,https://images.yaoota.com/QvBmH55K3yN5KvyqNT6tPdLfWRU=/trim/yaootaweb-production-ke/media/crawledproductimages/3b21f11d15ccf19d140453a2dadc2677980722c1.jpg,category:livestock products|company:cosmos ltd|type:inputs,Pieces,60,A2024020800105,13,zero,100,,,
,,,,,Grams,20,A2024020800106,81,zero,100,,,
Ashok,ashok,Ashok,,category:tree nursery|company:ali malindi|type:inputs,Sacks,1,A2024020800107,11,zero,100,,,
Aster Extrim,aster-extrim,Aster Extrim,https://pictures-kenya.jijistatic.com/50247012_MzAwLTU5NS02M2MzOGNhNTdk.jpg,category:pest & disease control|company:sineria kenya ltd|type:inputs,Ml,100,A2024020800108,270,zero,100,,,
,,,,,Litre,1,A2024020800109,3400,zero,100,,,
Atlas 360,atlas-360,Atlas 360,https://copia.co.ke/wp-content/uploads/2022/10/KS574_10315.jpg,category:others|company:kicd|type:inputs,Pieces,12,A2024020800110,550,zero,100,,,
Automatic Syring,automatic-syring,Automatic Syring,https://www.ukal-elevage.com/media/catalog/product/cache/7355c03e5731ca893c9850bf35827667/p/r/principale___imageproduit___1024_1674_110050001.jpg,category:others|company:vetinary|type:inputs,Others,1,A2024020800111,5500,zero,100,,,
Avocado Seedlings,avocado-seedlings,Avocado Seedlings,https://5.imimg.com/data5/SELLER/Default/2022/11/NG/ZN/FG/164370967/butter-fruit-avocado-plant-grafted-500x500.jpg,category:seedlings|company:greenland seedling|type:inputs,Pieces,1,A2024020800112,150,zero,100,,,
Axe,axe,Axe,https://images-cdn.ubuy.co.in/633bbc87892c337e0c245cef-alat-tabor-memotong-kapak-kapak-tangan.jpg,category:others|company:jogoo kenya|type:inputs,. Pieces,3,A2024020800113,650,zero,100,,,
Axial,axial,Axial,https://s3-us-west-2.amazonaws.com/courses-images/wp-content/uploads/sites/1223/2017/02/07233902/Figure_38_01_04.jpg,category:fungicides|company:bayer monsanto|type:inputs,Litre,5,A2024020800114,15500,zero,100,,,
Axr,axr,Axr,https://assets-global.website-files.com/63615a046fa44d99b190efa9/6388ebb2bd12d0420686d46a_ARX-814_web.webp,,Pieces,4,A2024020800115,700,zero,100,,,
Azoxy Top,azoxy-top,Azoxy Top,https://m.media-amazon.com/images/W/MEDIAX_792452-T2/images/I/41ab95EEJaL._AC_UF1000,1000_QL80_.jpg,category:fungicides|company:agrosolution ltd|type:inputs,Ml,50,A2024020800116,290,zero,100,,,
Azoxytop,azoxytop,Azoxytop,https://image.made-in-china.com/202f0j00MPRUDujlqLbt/Azoxystrobin-200g-L-Difenoconazole-125g-L-Sc-Fungicide-Pesticide.webp,,Ml,100,B2024020800117,715,zero,100,,,
B Safi,b-safi,B Safi,https://pictures-kenya.jijistatic.com/59446548_NjIwLTgyNy1mOGYxZDFlMzc4.webp,,Ml,500,B2024020800118,1150,zero,100,,,
Bags,bags,Bags,https://m.media-amazon.com/images/I/811R8Gdxd0L._AC_UY1100_.jpg,category:sacks|company:molo magunia store|type:inputs,Kg,90,B2024020800119,20,zero,100,,,
,,,,,Pieces,12,B2024020800120,20,zero,100,,,
Bamako,bamako,Bamako,https://www.albaughllc.com/images/indialibraries/productimages/bamako-packshot.png?sfvrsn=bf43c21b_1,category:livestock products|company:ckl africa ltd|type:inputs,Grams,5,B2024020800121,95,zero,100,,,
Bamako 5G,bamako-5g,Bamako 5G,https://i0.wp.com/imaginecare.co.ke/wp-content/uploads/2019/07/bamako-insecticide-scaled.jpg?fit=1452%2C2560&ssl=1,,Grams,5,B2024020800122,82,zero,100,,,
Bananas,bananas,Bananas,https://images.immediate.co.uk/production/volatile/sites/30/2017/01/Bunch-of-bananas-67e91d5.jpg?resize=768,574,category:others|company:daniel|type:inputs,Others,1,B2024020800123,400,zero,100,,,
Baraka Can 26%,baraka-can-26%,Baraka Can 26%,https://copia.co.ke/wp-content/uploads/2021/05/KL291_3191-25.jpg,category:fertilizers|company:baraka|type:inputs,Kg,50,B2024020800124,2570,zero,100,,,
Baraka Can Fertilizers,baraka-can-fertilizers,Baraka Can Fertilizers,https://encrypted-tbn0.gstatic.com/images?q=tbn:ANd9GcSOtMJY8IL_1m3AdIiCUmLbiPsdPnm--jvssA&usqp=CAU,category:fertilizers|company:toyota shusho|type:inputs,Kg,50,B2024020800125,2550,zero,100,,,
Baraka Fertilizers,baraka-fertilizers,Baraka Fertilizers,https://encrypted-tbn0.gstatic.com/images?q=tbn:ANd9GcSOtMJY8IL_1m3AdIiCUmLbiPsdPnm--jvssA&usqp=CAU,,Kg,50,B2024020800126,3150,zero,100,,,
,,,,,Bags,50,B2024020800127,3200,zero,100,,,
Baraka Potato Fertilizer,baraka-potato-fertilizer,Baraka Potato Fertilizer,https://encrypted-tbn0.gstatic.com/images?q=tbn:ANd9GcSOtMJY8IL_1m3AdIiCUmLbiPsdPnm--jvssA&usqp=CAU,,Kg,50,B2024020800128,5900,zero,100,,,
Baraka Potato Planting,baraka-potato-planting,Baraka Potato Planting,https://encrypted-tbn0.gstatic.com/images?q=tbn:ANd9GcSOtMJY8IL_1m3AdIiCUmLbiPsdPnm--jvssA&usqp=CAU,,Kg,50,B2024020800129,3450,zero,100,,,
Batalion,batalion,Batalion,https://zasoby.ekologia.pl/animal/a/20/batalion_7.jpg,category:pest & disease control|company:arista|type:inputs,Ml,50,B2024020800130,90,zero,100,,,
Batisa,batisa,Batisa,https://www.naturalremedy.com/wp-content/uploads/2021/06/Natural-Batisa.jpg,,Grams,100,B2024020800131,290,zero,100,,,
Bean Seeds,bean-seeds,Bean Seeds,https://plantcraft.in/wp-content/uploads/2020/12/Bean-Dry-Vermont-Cranberry.jpg,category:seeds|company:dryland seeds|type:inputs,Kg,20,B2024020800132,180,zero,100,,,
Beancare,beancare,Beancare,https://www.agrifarming.in/wp-content/uploads/2015/03/Beans-Farming.jpg,category:herbicide|company:best field ea|type:inputs,Litre,1,B2024020800133,1700,zero,100,,,
Beans,beans,Beans,https://www.greendna.in/cdn/shop/products/beans3_600x.jpg?v=1704527928,category:insecticides|company:wfb|type:inputs,Litre,20,B2024020800134,2000,zero,100,,,
,,,,,Kg,50,B2024020800135,100,zero,100,,,
Beans Cereals,beans-cereals,Beans Cereals,https://previews.123rf.com/images/kot63/kot631602/kot63160200004/52424919-cereals-and-beans-in-bags.jpg,category:innoculant|company:lakaam farmers centre|type:inputs,Bags,90,B2024020800136,8000,zero,100,,,
Beans Clea,beans-clea,Beans Clea,https://www.waldeneffect.org/20101010mesh.jpg,category:herbicide|company:hanzhou ea|type:inputs,Litre,1,B2024020800137,1250,zero,100,,,
Beans Clean,beans-clean,Beans Clean,https://www.waldeneffect.org/20101010mesh.jpg,,Litre,1,B2024020800138,1250,zero,100,,,
,,,,,Ml,500,B2024020800139,680,zero,100,,,
Beansclean,beansclean,Beansclean,https://www.waldeneffect.org/20101010mesh.jpg,category:pest & disease control|company:hanzhou ea|type:inputs,Kg,10,B2024020800140,350,zero,100,,,
,,,,,Ml,500,B2024020800141,700,zero,100,,,
,,,,,Ml,500,B2024020800142,665,zero,100,,,
Beansclean 5 Pic,beansclean-5-pic,Beansclean 5 Pic,https://www.waldeneffect.org/20101010mesh.jpg,,Litre,1,B2024020800143,1450,zero,100,,,
Bedlam,bedlam,Bedlam,,category:sacks|company:kenagro supplies ltd|type:inputs,Ml,50,B2024020800144,200,zero,100,,,
Bedram,bedram,Bedram,,,Ml,15,B2024020800145,100,zero,100,,,
Belt,belt,Belt,https://baccabucci.com/cdn/shop/files/IMG_2584_1200x1200_crop_center.jpg?v=1688561800,category:pest & disease control|company:bayer monsanto|type:inputs,Ml,4,B2024020800146,105,zero,100,,,
Bentagran Top,bentagran-top,Bentagran Top,https://www.greenlife.co.ke/wp-content/uploads/2022/02/bentagran_top_240EC.png,,Litre,1,B2024020800147,2300,zero,100,,,
Bento Clean,bento-clean,Bento Clean,,category:herbicide|company:eurochem|type:inputs,Ml,500,B2024020800148,1050,zero,100,,,
Bestox,bestox,Bestox,https://laz-img-sg.alicdn.com/p/cc6056c62edaae9bac3ccee5caae60d7.jpg,category:pest & disease control|company:juanco sps ltd|type:inputs,Litre,1,B2024020800149,2000,zero,100,,,
,,,,,Ml,50,B2024020800150,141,zero,100,,,
Bestphos,bestphos,Bestphos,,category:livestock products|company:besvet|type:inputs,Kg,5,B2024020800151,350,zero,100,,,
Beta Booster,beta-booster,Beta Booster,,category:foliar|company:cenriva traders ltd|type:inputs,Litre,2,B2024020800152,110,zero,100,,,
,,,,,Ml,500,B2024020800153,150,zero,100,,,
Betabooster,betabooster,Betabooster,,category:foliar|company:agrochemicals|type:inputs,Litre,10,B2024020800154,130,zero,100,,,
Betacyde,betacyde,Betacyde,,,Ml,50,B2024020800155,104,zero,100,,,
Betafos,betafos,Betafos,,,Ml,50,B2024020800156,100,zero,100,,,
Betalick,betalick,Betalick,,category:livestock products|company:rebno feed|type:inputs,Kg,5,B2024020800157,250,zero,100,,,
Bimatix,bimatix,Bimatix,,,Ml,20,B2024020800158,76,zero,100,,,
Bimatryp,bimatryp,Bimatryp,,,. Grams,2,B2024020800159,30,zero,100,,,
Bio Plus Link,bio-plus-link,Bio Plus Link,,category:livestock products|company:bioscience|type:inputs,Kg,1,B2024020800160,180,zero,100,,,
Biosec,biosec,Biosec,,category:pest & disease control|company:atlantis life science|type:inputs,Litre,1,B2024020800161,980,zero,100,,,
Biosol,biosol,Biosol,,category:livestock products|company:biodeal|type:inputs,Grams,30,B2024020800162,85,zero,100,,,
Biosol(Vetcare),biosol(vetcare),Biosol(Vetcare),,category:poultry|company:alfavet animal heatucare ltd|type:inputs,Grams,25,B2024020800163,33,zero,100,,,
Biotriem Vet Plus,biotriem-vet-plus,Biotriem Vet Plus,,category:poultry|company:biodeal laboratories ltd|type:inputs,Grams,30,B2024020800164,165,zero,100,,,
Biotrim,biotrim,Biotrim,,,Grams,100,B2024020800165,85,zero,100,,,
Biotrim Vet,biotrim-vet,Biotrim Vet,,category:poultry|company:wambugu|type:inputs,Grams,30,B2024020800166,80,zero,100,,,
Black Night Shade,black-night-shade,Black Night Shade,,category:seedlings|company:simlaw|type:inputs,Grams,25,B2024020800167,80,zero,100,,,
Block,block,Block,,category:livestock products|company:murphy chemicals|type:inputs,Kg,2,B2024020800168,200,zero,100,,,
Blow Sum G,blow-sum-g,Blow Sum G,,category:foliar|company:new science agrochemicals|type:inputs,Litre,1,B2024020800169,420,zero,100,,,
Blow Sum K,blow-sum-k,Blow Sum K,,,Litre,1,B2024020800170,420,zero,100,,,
Blow Sum Viazi,blow-sum-viazi,Blow Sum Viazi,,,Litre,1,B2024020800171,420,zero,100,,,
Bm,bm,Bm,,category:foliar|company:organic africa|type:inputs,Litre,1,B2024020800172,200,zero,100,,,
Bokash,bokash,Bokash,,category:others|company:nawili|type:inputs,Bags,50,B2024020800173,1600,zero,100,,,
Bombay Red Onion,bombay-red-onion,Bombay Red Onion,,,Grams,500,B2024020800174,2500,zero,100,,,
Bonzin,bonzin,Bonzin,,category:foliar|company:truvet|type:inputs,Ml,250,B2024020800175,280,zero,100,,,
Booster,booster,Booster,,category:foliar|company:pecolchem enterprise|type:inputs,Ml,500,B2024020800176,60,zero,100,,,
,,,,,Litre,1,B2024020800177,110,zero,100,,,
Botatox,botatox,Botatox,,,Ml,50,B2024020800178,80,zero,100,,,
Bovacycine,bovacycine,Bovacycine,,category:livestock products|company:osho chemical companies|type:inputs,Ml,50,B2024020800179,132,zero,100,,,
Bovamox Extra,bovamox-extra,Bovamox Extra,,category:poultry|company:allure animal health ltd|type:inputs,Litre,29,B2024020800180,770,zero,100,,,
Bovazole 2.5%,bovazole-2.5%,Bovazole 2.5%,,category:drugs|company:allure animal health limited|type:inputs,Ml,40,B2024020800181,40,zero,100,,,
Bozin,bozin,Bozin,,category:fertilizers|company:truevet|type:inputs,Ml,500,B2024020800182,550,zero,100,,,
Brachiaria,brachiaria,Brachiaria,,category:seeds|company:amiran (k) ltd|type:inputs,Kg,4,B2024020800183,5500,zero,100,,,
Brain,brain,Brain,,category:livestock products|company:kajamba|type:inputs,Bags,50,B2024020800184,1000,zero,100,,,
Bran Mix,bran-mix,Bran Mix,,category:livestock products|company:jikaze millers|type:inputs,Kg,50,B2024020800185,1200,zero,100,,,
Break Down,break-down,Break Down,,,Litre,1,B2024020800186,2800,zero,100,,,
Brick,brick,Brick,,category:livestock products|company:ideal|type:inputs,Kg,5,B2024020800187,400,zero,100,,,
Bull,bull,Bull,,category:others|company:cheborgei farm|type:inputs,Others,1,B2024020800188,20000,zero,100,,,
Bupalet ,bupalet-,Bupalet ,,category:drugs|company:highchem|type:inputs,Ml,50,B2024020800189,1619,zero,100,,,
Bupalex,bupalex,Bupalex,,,Ml,20,B2024020800190,500,zero,100,,,
Burnwid,burnwid,Burnwid,,category:herbicide|company:truevet|type:inputs,Litre,1,B2024020800191,600,zero,100,,,
Buvanol ,buvanol,Buvanol ,,,Ml,20,B2024020800192,556,zero,100,,,
C5 Onion,c5-onion,C5 Onion,https://farmr.gh-f.org/wp-content/uploads/2022/03/Red-croele-c5-EA-Seeds.jpg,,Grams,500,C2024020800193,2700,zero,100,,,
Cabbage,cabbage,Cabbage,https://4.imimg.com/data4/EV/MV/MY-2/green-cabbage-500x500.jpg,,Grams,35,C2024020800194,2800,zero,100,,,
Cabbage Copenhagen,cabbage-copenhagen,Cabbage Copenhagen,https://img.agriexpo.online/images_ag/photo-mg/184529-12683529.jpg,category:seeds|company:simlaw|type:inputs,Grams,50,C2024020800195,112,zero,100,,,
Calboro,calboro,Calboro,https://5.imimg.com/data5/SELLER/Default/2022/10/UY/CV/YI/79344230/calbor-1--250x250.png,category:foliar|company:chema|type:inputs,Litre,500,C2024020800196,650,zero,100,,,
Calculator,calculator,Calculator,https://noboss.in/cdn/shop/products/201601010099_800x.jpg?v=1606111915,category:others|company:hp|type:inputs,Pieces,12,C2024020800197,120,zero,100,,,
Calfoset Injection,calfoset-injection,Calfoset Injection,https://vetpromet.com.mk/wp-content/uploads/2021/10/Calfoset-100-ml.jpg,category:livestock products|company:medisel k ltd|type:inputs,Ml,100,C2024020800198,330,zero,100,,,
Can,can,Can,https://5.imimg.com/data5/SELLER/Default/2021/4/BV/DB/WY/38090665/g03-600x600-500x500.jpg,,Kg,10,C2024020800199,540,zero,100,,,
,,,,,Bags,50,C2024020800200,2600,zero,100,,,
Can 26% Falcon,can-26%-falcon,Can 26% Falcon,,category:fertilizers|company:falcon ltd|type:inputs,Kg,50,C2024020800201,2600,zero,100,,,
Can 26% Mea,can-26%-mea,Can 26% Mea,,category:fertilizers|company:mea|type:inputs,Kg,50,C2024020800202,2600,zero,100,,,
Can 26% Solai,can-26%-solai,Can 26% Solai,,category:fertilizers|company:solai fertilizer ltd|type:inputs,Kg,50,C2024020800203,2550,zero,100,,,
Can Fertilizer,can-fertilizer,Can Fertilizer,,,Kg,50,C2024020800204,5700,zero,100,,,
Can Topdressing,can-topdressing,Can Topdressing,,,Kg,50,C2024020800205,2500,zero,100,,,
Can Yala,can-yala,Can Yala,,category:fertilizers|company:yala|type:inputs,Kg,25,C2024020800206,1850,zero,100,,,
Canga,canga,Canga,,,Grams,500,C2024020800207,600,zero,100,,,
,,,,,Litre,1,C2024020800208,1500,zero,100,,,
Caprocaffaro,caprocaffaro,Caprocaffaro,,category:fungicides|company:arysta lifescience|type:inputs,Kg,1,C2024020800209,1198,zero,100,,,
Capsicum,capsicum,Capsicum,,,Grams,25,C2024020800210,135,zero,100,,,
Capture,capture,Capture,,category:pest & disease control|company:rainbow|type:inputs,Ml,50,C2024020800211,300,zero,100,,,
Cardilac,cardilac,Cardilac,,category:fungicides|company:greenlife|type:inputs,Kg,5,C2024020800212,2175,zero,100,,,
Carrier Bags,carrier-bags,Carrier Bags,,category:others|company:reply|type:inputs,Pieces,3,C2024020800213,5,zero,100,,,
Carrot,carrot,Carrot,,,Pieces,250,C2024020800214,780,zero,100,,,
,,,,,Grams,10,C2024020800215,80,zero,100,,,
Carrot Nantes,carrot-nantes,Carrot Nantes,,category:seeds|company:royal sluis|type:inputs,Grams,100,C2024020800216,425,zero,100,,,
Carrots,carrots,Carrots,,,Grams,10,C2024020800217,51,zero,100,,,
Catalyst,catalyst,Catalyst,,category:foliar|company:other|type:inputs,Kg,10,C2024020800218,350,zero,100,,,
Catapult,catapult,Catapult,,,Litre,10,C2024020800219,650,zero,100,,,
,,,,,Ml,500,C2024020800220,255,zero,100,,,
Cattle Lamba,cattle-lamba,Cattle Lamba,,,Kg,2,C2024020800221,150,zero,100,,,
Cattle Lamba White,cattle-lamba-white,Cattle Lamba White,,,Kg,2,C2024020800222,225,zero,100,,,
Cattle Lamda,cattle-lamda,Cattle Lamda,,,Kg,2,C2024020800223,170,zero,100,,,
Cattlephos Block White,cattlephos-block-white,Cattlephos Block White,,category:livestock products|company:betra kimya ltd|type:inputs,Kg,2,C2024020800224,215,zero,100,,,
Cattlephos Joto,cattlephos-joto,Cattlephos Joto,,category:salts|company:allure animal health limited|type:inputs,Kg,1,C2024020800225,158,zero,100,,,
Cattlephos Maziwa,cattlephos-maziwa,Cattlephos Maziwa,,,Kg,1,C2024020800226,188,zero,100,,,
Cattlephos Nyama- Stocklik,cattlephos-nyama--stocklik,Cattlephos Nyama- Stocklik,,,Kg,1,C2024020800227,71,zero,100,,,
Cauro Mug White,cauro-mug-white,Cauro Mug White,,category:others|company:nice one|type:inputs,Pieces,48,C2024020800228,36,zero,100,,,
Cauro Plate White,cauro-plate-white,Cauro Plate White,,,Pieces,68,C2024020800229,39,zero,100,,,
Cement,cement,Cement,,category:others|company:bamburi|type:inputs,Kg,1,C2024020800230,590,zero,100,,,
,,,,,Bags,50,C2024020800231,530,zero,100,,,
Cemeny,cemeny,Cemeny,,,Kg,1,C2024020800232,590,zero,100,,,
Certified Seeds,certified-seeds,Certified Seeds,,category:seeds|company:freshcrop limit company|type:inputs,Bags,50,C2024020800233,3200,zero,100,,,
,,,,,Kg,50,C2024020800234,2700,zero,100,,,
Certified Seeds Potatoes,certified-seeds-potatoes,Certified Seeds Potatoes,,category:seeds|company:sygenta foundation seed 2b east africa|type:inputs,Kg,50,C2024020800235,2750,zero,100,,,
Chairs,chairs,Chairs,,,Pieces,1,C2024020800236,570,zero,100,,,
Chali Dudu,chali-dudu,Chali Dudu,,category:insecticides|company:aok|type:inputs,Grams,100,C2024020800237,90,zero,100,,,
Chali Dudu Dust,chali-dudu-dust,Chali Dudu Dust,,category:others|company:oak medica|type:inputs,Grams,100,C2024020800238,150,zero,100,,,
Champion,champion,Champion,,,Litre,5,C2024020800239,263,zero,100,,,
,,,,,Ml,500,C2024020800240,38,zero,100,,,
Chapa Meli,chapa-meli,Chapa Meli,,,Kg,25,C2024020800241,2850,zero,100,,,
Chapameli,chapameli,Chapameli,,,Kg,50,C2024020800242,3500,zero,100,,,
Chariot,chariot,Chariot,,,Litre,1,C2024020800243,1665,zero,100,,,
,,,,,Ml,100,C2024020800244,213,zero,100,,,
Chemical,chemical,Chemical,,category:plant growth booster|company:east africa|type:inputs,Litre,1000,C2024020800245,450,zero,100,,,
Chemicals,chemicals,Chemicals,,category:insecticides|company:greenlife|type:inputs,Ml,100,C2024020800246,575,zero,100,,,
Chichmah,chichmah,Chichmah,,category:feeds|company:wema feeds|type:inputs,Kg,5,C2024020800247,200,zero,100,,,
Chick And Duckling Mash,chick-and-duckling-mash,Chick And Duckling Mash,,category:poultry|company:empire feeds|type:inputs,Kg,50,C2024020800248,2855,zero,100,,,
Chick Formula,chick-formula,Chick Formula,,category:pest & disease control|company:alfa bet|type:inputs,Grams,25,C2024020800249,45,zero,100,,,
Chick Formular,chick-formular,Chick Formular,,category:others|company:cosmos|type:inputs,Grams,25,C2024020800250,80,zero,100,,,
Chick Mash,chick-mash,Chick Mash,,category:livestock products|company:royal|type:inputs,Kg,20,C2024020800251,870,zero,100,,,
Chick Power,chick-power,Chick Power,,category:others|company:osho chemical industries ltd|type:inputs,Grams,250,C2024020800252,450,zero,100,,,
Chick Start,chick-start,Chick Start,,category:day old chicks|company:twiga chemical industries ltd.|type:inputs,Grams,30,C2024020800253,50,zero,100,,,
Chick Supplements,chick-supplements,Chick Supplements,,category:poultry|company:poultry|type:inputs,Kg,1,C2024020800254,860,zero,100,,,
Chicken,chicken,Chicken,,category:poultry|company:confide ltd|type:inputs,Pieces,50,C2024020800255,100,zero,100,,,
Chicken Drinker,chicken-drinker,Chicken Drinker,,category:livestock products|company:kenpoly|type:inputs,Litre,3,C2024020800256,200,zero,100,,,
Chicken Feed,chicken-feed,Chicken Feed,,category:livestock products|company:poultry|type:inputs,Kg,50,C2024020800257,2380,zero,100,,,
Chicken Mash,chicken-mash,Chicken Mash,,category:others|company:ken broiler|type:inputs,Bags,30,C2024020800258,280,zero,100,,,
,,,,,Kg,5,C2024020800259,220,zero,100,,,
Chicken Netwire,chicken-netwire,Chicken Netwire,,category:poultry|company:kidani|type:inputs,Others,1,C2024020800260,1800,zero,100,,,
Chickmash,chickmash,Chickmash,,category:livestock products|company:fugo feeds|type:inputs,Kg,50,C2024020800261,3400,zero,100,,,
Chickmash Empire,chickmash-empire,Chickmash Empire,,category:poultry|company:empire|type:inputs,Kg,50,C2024020800262,65,zero,100,,,
Chicks,chicks,Chicks,,category:others|company:darif agri ventures|type:inputs,Pieces,100,C2024020800263,100,zero,100,,,
Chicks/Chicken,chicks/chicken,Chicks/Chicken,,category:poultry|company:kuku chick|type:inputs,Others,100,C2024020800264,90,zero,100,,,
,,,,,Bags,50,C2024020800265,4800,zero,100,,,
,,,,,Pack,15,C2024020800266,100,zero,100,,,
,,,,,Pieces,200,C2024020800267,300,zero,100,,,
Chinese Cabbage,chinese-cabbage,Chinese Cabbage,,,Grams,25,C2024020800268,60,zero,100,,,
Chuffcutter,chuffcutter,Chuffcutter,,category:others|company:peter willys|type:inputs,Pieces,1,C2024020800269,40000,zero,100,,,
Ckl Xtra Legends,ckl-xtra-legends,Ckl Xtra Legends,,category:salts|company:ckl africa ltd|type:inputs,Kg,1,C2024020800270,235,zero,100,,,
Clearup,clearup,Clearup,,category:herbicide|company:united agrochemicals ltd|type:inputs,Litre,1,C2024020800271,400,zero,100,,,
Clipclick Mineral Block,clipclick-mineral-block,Clipclick Mineral Block,,category:poultry|company:nikifarm|type:inputs,Kg,2,C2024020800272,170,zero,100,,,
Cocopeat,cocopeat,Cocopeat,,category:others|company:agroduka|type:inputs,Kg,5,C2024020800273,800,zero,100,,,
Coffee,coffee,Coffee,,category:others|company:topline ltd|type:inputs,Grams,25,C2024020800274,20,zero,100,,,
Collard Agripack,collard-agripack,Collard Agripack,,category:seeds|company:agripack|type:inputs,Grams,50,C2024020800275,115,zero,100,,,
Collards,collards,Collards,,,Grams,1000,C2024020800276,3,zero,100,,,
Commander,commander,Commander,,,Ml,250,C2024020800277,555,zero,100,,,
,,,,,Litre,1,C2024020800278,2137,zero,100,,,
Common Sait,common-sait,Common Sait,,category:feeds|company:sawa limited|type:inputs,Kg,10,C2024020800279,200,zero,100,,,
Confidor,confidor,Confidor,,,Grams,5,C2024020800280,170,zero,100,,,
Cooper Sulphate,cooper-sulphate,Cooper Sulphate,,category:livestock products|company:goodson product input|type:inputs,Grams,100,C2024020800281,180,zero,100,,,
Copenhagen,copenhagen,Copenhagen,,,Grams,25,C2024020800282,80,zero,100,,,
Copenhagen Griffaton,copenhagen-griffaton,Copenhagen Griffaton,,category:seedlings|company:griffaton|type:inputs,Grams,10,C2024020800283,49,zero,100,,,
Copper Sulphate,copper-sulphate,Copper Sulphate,,category:livestock products|company:highchem group|type:inputs,Grams,250,C2024020800284,190,zero,100,,,
Coriander,coriander,Coriander,,,Grams,2,C2024020800285,67,zero,100,,,
Coriander Dania,coriander-dania,Coriander Dania,,category:pest & disease control|company:simlaw|type:inputs,Grams,10,C2024020800286,45,zero,100,,,
Corrot,corrot,Corrot,,category:seeds|company:rayol|type:inputs,Grams,250,C2024020800287,720,zero,100,,,
,,,,,Pieces,250,C2024020800288,720,zero,100,,,
Corum,corum,Corum,,category:fungicides|company:united agrochemicals|type:inputs,Kg,5,C2024020800289,5000,zero,100,,,
Cotton,cotton,Cotton,,category:livestock products|company:trust feed|type:inputs,Kg,1,C2024020800290,70,zero,100,,,
Covver,covver,Covver,,category:pest & disease control|company:lepal distributors|type:inputs,Grams,500,C2024020800291,1100,zero,100,,,
,,,,,Kg,1,C2024020800292,2300,zero,100,,,
Cowpeas Seeds,cowpeas-seeds,Cowpeas Seeds,,,Grams,20,C2024020800293,300,zero,100,,,
Crop Boost,crop-boost,Crop Boost,,,Litre,1,C2024020800294,800,zero,100,,,
Crop Booster,crop-booster,Crop Booster,,category:foliar|company:yala|type:inputs,Pieces,1,C2024020800295,800,zero,100,,,
Crop Wet,crop-wet,Crop Wet,,category:sticker|company:farmbase agriscience|type:inputs,Litre,1,C2024020800296,450,zero,100,,,
Crop Wonder,crop-wonder,Crop Wonder,,category:foliar|company:jojemi agro ventures|type:inputs,Ml,500,C2024020800297,225,zero,100,,,
,,,,,Litre,1,C2024020800298,365,zero,100,,,
Crop Wonder Calcimag,crop-wonder-calcimag,Crop Wonder Calcimag,,category:fertilizers|company:jojemi agri ventures|type:inputs,Ml,500,C2024020800299,225,zero,100,,,
Crop Wonder K,crop-wonder-k,Crop Wonder K,,,Litre,1,C2024020800300,380,zero,100,,,
Crop Wonder P,crop-wonder-p,Crop Wonder P,,,Ml,500,C2024020800301,220,zero,100,,,
Cropmine,cropmine,Cropmine,,category:herbicide|company:agricare east africa ltd.|type:inputs,Litre,1,C2024020800302,450,zero,100,,,
Cropstar,cropstar,Cropstar,,category:foliar|company:microstar international|type:inputs,Ml,500,C2024020800303,260,zero,100,,,
Crumb,crumb,Crumb,,category:livestock products|company:empire feed|type:inputs,Kg,50,C2024020800304,3300,zero,100,,,
Cuprocafaro,cuprocafaro,Cuprocafaro,,category:fungicides|company:isagro|type:inputs,Grams,500,C2024020800305,520,zero,100,,,
Cuprocaffaro,cuprocaffaro,Cuprocaffaro,,category:pest & disease control|company:arysta lifescience|type:inputs,Kg,2,C2024020800306,1600,zero,100,,,
,,,,,Litre,1,C2024020800307,1600,zero,100,,,
Cups,cups,Cups,,,Pieces,12,C2024020800308,39,zero,100,,,
Curafluke ,curafluke,Curafluke ,,,Ml,120,C2024020800309,305,zero,100,,,
Cyberdip,cyberdip,Cyberdip,,,Ml,20,C2024020800310,95,zero,100,,,
Cyclotron,cyclotron,Cyclotron,,,Ml,100,C2024020800311,230,zero,100,,,
Cyperdip,cyperdip,Cyperdip,,category:livestock products|company:animix ltd|type:inputs,Ml,20,C2024020800312,90,zero,100,,,
Cytomon,cytomon,Cytomon,,category:plant growth booster|company:truevet|type:inputs,Ml,100,C2024020800313,1085,zero,100,,,
D Amine,d-amine,D Amine,,,Ml,500,D2024020800314,270,zero,100,,,
,,,,,Litre,1,D2024020800315,482,zero,100,,,
D-Amine,,D-Amine,,,Litre,1,D2024020800316,500,zero,100,,,
D.A.P,d.a.p,D.A.P,,category:fertilizers|company:neem agrovet|type:inputs,Kg,50,D2024020800317,35,zero,100,,,
Dabendazole,dabendazole,Dabendazole,,,Ml,120,D2024020800318,55,zero,100,,,
Dabotik,dabotik,Dabotik,,category:livestock products|company:truvet|type:inputs,Ml,100,D2024020800319,330,zero,100,,,
Daconil,daconil,Daconil,,category:fungicides|company:syngenta|type:inputs,Ml,1,D2024020800320,850,zero,100,,,
Dahist Vet,dahist-vet,Dahist Vet,,,Ml,50,D2024020800321,200,zero,100,,,
Daily Meals,daily-meals,Daily Meals,,category:livestock products|company:fugoo|type:inputs,Kg,50,D2024020800322,1900,zero,100,,,
Dair Meal,dair-meal,Dair Meal,,category:feeds|company:lelchego|type:inputs,Kg,70,D2024020800323,3300,zero,100,,,
Dairy Meal,dairy-meal,Dairy Meal,,category:livestock products|company:meru central|type:inputs,Bags,1,D2024020800324,21,zero,100,,,
,,,,,Kg,10,D2024020800325,330,zero,100,,,
Dairy Meal High Yield,dairy-meal-high-yield,Dairy Meal High Yield,https://www.sigmafeeds.com/assets/images/resource/products/High-Yield-Mealcubes.png,category:livestock products|company:turbo|type:inputs,Kg,70,D2024020800326,2000,zero,100,,,
Dairy Meal Mamba,dairy-meal-mamba,Dairy Meal Mamba,https://www.sigmafeeds.com/assets/images/resource/products/High-Yield-Mealcubes.png,,Kg,70,D2024020800327,2300,zero,100,,,
Dairy Meal Premium,dairy-meal-premium,Dairy Meal Premium,https://www.sigmafeeds.com/assets/images/resource/products/High-Yield-Mealcubes.png,category:livestock products|company:afya millers|type:inputs,Kg,70,D2024020800328,2200,zero,100,,,
Dairy Meal Standard,dairy-meal-standard,Dairy Meal Standard,https://www.sigmafeeds.com/assets/images/resource/products/High-Yield-Mealcubes.png,category:livestock products|company:empire feeds|type:inputs,Kg,70,D2024020800329,2490,zero,100,,,
Dairy Meals,dairy-meals,Dairy Meals,https://i.roamcdn.net/hz/pi/listing-gallery-full-1920w/5de53d452a6d57b68319b3566435eeea/-/horizon-files-prod/pi/picture/qwqzp05/fcc77fb73a87b1505ab5444cce69c503d3dfc84d.jpg,category:livestock products|company:naku feeds|type:inputs,Kg,100,D2024020800330,4000,zero,100,,,
Dairy Salt,dairy-salt,Dairy Salt,https://www.mustakshif.com/public/uploads/products/devondale-devondale-dairy-soft-salt-reduced-butter-blend-500g_9300639100036_Mustakshif.jpg,,Kg,74,D2024020800331,2500,zero,100,,,
Damectin,damectin,Damectin,https://rooyandarou.com/wp-content/uploads/2019/12/Dectomectin-2.jpg,,Ml,10,D2024020800332,60,zero,100,,,
Dap,dap,Dap,,,Kg,25,D2024020800333,1850,zero,100,,,
,,,,,Bags,10,D2024020800334,1220,zero,100,,,
Dap Baraka,dap-baraka,Dap Baraka,,,Kg,50,D2024020800335,3950,zero,100,,,
Dap Chapa Meli,dap-chapa-meli,Dap Chapa Meli,,,Kg,50,D2024020800336,5750,zero,100,,,
Dap Elgon,dap-elgon,Dap Elgon,,category:fertilizers|company:thabithi|type:inputs,Kg,25,D2024020800337,1770,zero,100,,,
Dap Elgon Thabiti,dap-elgon-thabiti,Dap Elgon Thabiti,,,Kg,25,D2024020800338,2900,zero,100,,,
Dap Falcan,dap-falcan,Dap Falcan,,category:herbicide|company:dap|type:inputs,Kg,10,D2024020800339,3500,zero,100,,,
Dap Fertilizer,dap-fertilizer,Dap Fertilizer,,category:fertilizers|company:murimi|type:inputs,Kg,50,D2024020800340,5800,zero,100,,,
Dap Yara,dap-yara,Dap Yara,,,Kg,10,D2024020800341,780,zero,100,,,
Dascarnil,dascarnil,Dascarnil,,category:others|company:dawa|type:inputs,Grams,30,D2024020800342,85,zero,100,,,
Dathine,dathine,Dathine,,category:herbicide|company:murphy chemicals|type:inputs,Pieces,500,D2024020800343,400,zero,100,,,
Dawa Penstrep,dawa-penstrep,Dawa Penstrep,,category:livestock products|company:medisel kenya ltd|type:inputs,Ml,50,D2024020800344,350,zero,100,,,
Dawa Tylodoxy,dawa-tylodoxy,Dawa Tylodoxy,,category:medication|company:medicel|type:inputs,Grams,50,D2024020800345,250,zero,100,,,
Dawa Ya Kuku,dawa-ya-kuku,Dawa Ya Kuku,,category:livestock products|company:vetanary|type:inputs,Ml,50,D2024020800346,200,zero,100,,,
Dawa-Tylodoxy200,dawa-tylodoxy200,Dawa-Tylodoxy200,,category:poultry|company:medisel kenya ltd|type:inputs,Grams,30,D2024020800347,158,zero,100,,,
Dawatrim Tab,dawatrim-tab,Dawatrim Tab,,category:drugs|company:dawa|type:inputs,Pieces,40,D2024020800348,12,zero,100,,,
Daxajet,daxajet,Daxajet,,,Ml,50,D2024020800349,200,zero,100,,,
Day Old Broiler Chickens,day-old-broiler-chickens,Day Old Broiler Chickens,,category:poultry|company:kukuchick ltd|type:inputs,Others,1,D2024020800350,90,zero,100,,,
Day Old Chicks,day-old-chicks,Day Old Chicks,,category:day old chicks|company:pafa poultry breeders and hatcheries|type:inputs,Pieces,1,D2024020800351,95,zero,100,,,
Dayold Chicks,dayold-chicks,Dayold Chicks,,category:day old chicks|company:kukuchick|type:inputs,Trays,100,D2024020800352,9500,zero,100,,,
Dcp,dcp,Dcp,,category:livestock products|company:highchem|type:inputs,Kg,1,D2024020800353,110,zero,100,,,
,,,,,Grams,500,D2024020800354,70,zero,100,,,
,,,,,Ml,250,D2024020800355,45,zero,100,,,
Dcp High Phosporus,dcp-high-phosporus,Dcp High Phosporus,,category:livestock products|company:farmcare|type:inputs,Grams,500,D2024020800356,85,zero,100,,,
Dcp Truevet,dcp-truevet,Dcp Truevet,,category:livestock products|company:truevet|type:inputs,Grams,250,D2024020800357,45,zero,100,,,
Decis,decis,Decis,,,Ml,50,D2024020800358,390,zero,100,,,
Decis Forte,decis-forte,Decis Forte,,category:insecticides|company:bayer monsanto|type:inputs,Others,100,D2024020800359,400,zero,100,,,
,,,,,Ml,50,D2024020800360,400,zero,100,,,
Degree Max,degree-max,Degree Max,,category:insecticides|company:osho chemicals|type:inputs,Ml,100,D2024020800361,250,zero,100,,,
Degreemax,degreemax,Degreemax,,category:insecticides|company:agricare east africa ltd.|type:inputs,Ml,12,D2024020800362,130,zero,100,,,
Delete,delete,Delete,,category:livestock products|company:habfarm|type:inputs,Ml,40,D2024020800363,200,zero,100,,,
Delete Ec,delete-ec,Delete Ec,,category:others|company:highchem|type:inputs,Ml,20,D2024020800364,100,zero,100,,,
Dera,dera,Dera,,,Kg,2,D2024020800365,210,zero,100,,,
,,,,,Grams,400,D2024020800366,95,zero,100,,,
Detergents Chemicals,detergents-chemicals,Detergents Chemicals,,category:others|company:better chemcare|type:inputs,Pieces,63,D2024020800367,512,zero,100,,,
Dewormers,dewormers,Dewormers,,category:drugs|company:coopers co ltd|type:inputs,Litre,10,D2024020800368,500,zero,100,,,
Deworming Syringe ,deworming-syringe,Deworming Syringe ,,category:other|company:medisel|type:inputs,Ml,60,D2024020800369,36,zero,100,,,
Dexajet,dexajet,Dexajet,,,Ml,50,D2024020800370,220,zero,100,,,
Dexaphan,dexaphan,Dexaphan,,category:others|company:swede|type:inputs,Ml,50,D2024020800371,210,zero,100,,,
Dexasone,dexasone,Dexasone,,category:others|company:medina|type:inputs,Ml,50,D2024020800372,250,zero,100,,,
Dexcyet,dexcyet,Dexcyet,,,Ml,100,D2024020800373,350,zero,100,,,
Dhania,dhania,Dhania,,category:seeds|company:continental seeds|type:inputs,Grams,250,D2024020800374,340,zero,100,,,
Dhania Hygrotec,dhania-hygrotec,Dhania Hygrotec,,category:seeds|company:hygrotec|type:inputs,Grams,500,D2024020800375,680,zero,100,,,
Diamond,diamond,Diamond,,category:foliar|company:farmbase agriscience|type:inputs,Ml,500,D2024020800376,55,zero,100,,,
,,,,,Litre,1,D2024020800377,80,zero,100,,,
Diamond Foliar,diamond-foliar,Diamond Foliar,,category:foliar|company:keapros|type:inputs,Litre,1,D2024020800378,80,zero,100,,,
Diamond Plant,diamond-plant,Diamond Plant,,,Litre,1,D2024020800379,80,zero,100,,,
Diazinal ,diazinal,Diazinal ,,category:insecticides|company:fedo|type:inputs,Ml,28,D2024020800380,70,zero,100,,,
Diazol,diazol,Diazol,,,Ml,100,D2024020800381,400,zero,100,,,
Dicalcium Phosphate,dicalcium-phosphate,Dicalcium Phosphate,,category:poultry|company:biodeal laboratories|type:inputs,Grams,500,D2024020800382,130,zero,100,,,
Dicalcium Phosphate (Hc),dicalcium-phosphate-(hc),Dicalcium Phosphate (Hc),,category:livestock products|company:high chem.|type:inputs,Grams,500,D2024020800383,145,zero,100,,,
Dicalcium Phosphate (Hc).,dicalcium-phosphate-(hc).,Dicalcium Phosphate (Hc).,,category:livestock products|company:high chem|type:inputs,Kg,1,D2024020800384,270,zero,100,,,
Diepest,diepest,Diepest,,category:pest & disease control|company:elgon (k) ltd.|type:inputs,Ml,100,D2024020800385,200,zero,100,,,
Diminavet,diminavet,Diminavet,,,. Grams,2,D2024020800386,30,zero,100,,,
Dipest,dipest,Dipest,,category:pest & disease control|company:truvet|type:inputs,Ml,100,D2024020800387,200,zero,100,,,
Diseptoprim,diseptoprim,Diseptoprim,,,Grams,40,D2024020800388,17,zero,100,,,
Disposable Needles,disposable-needles,Disposable Needles,,category:other|company:norbrook|type:inputs,Pieces,10,D2024020800389,3,zero,100,,,
Disposable Syringe,disposable-syringe,Disposable Syringe,,category:others|company:instrument c.ltd|type:inputs,Ml,10,D2024020800390,12,zero,100,,,
Disposable Syringes,disposable-syringes,Disposable Syringes,,category:livestock products|company:medispec kenya|type:inputs,Ml,60,D2024020800391,45,zero,100,,,
Dithane Murphy,dithane-murphy,Dithane Murphy,,,Pieces,500,D2024020800392,420,zero,100,,,
,,,,,Grams,50,D2024020800393,64,zero,100,,,
Dk 8031,dk-8031,Dk 8031,,category:others|company:makamithi enterprises ltd wote|type:inputs,Kg,2,D2024020800394,700,zero,100,,,
Dk Maize Series,dk-maize-series,Dk Maize Series,,category:seeds|company:bayer monsanto|type:inputs,Kg,2,D2024020800395,490,zero,100,,,
Dk777,dk777,Dk777,,category:others|company:bayer monsanto|type:inputs,Kg,2,D2024020800396,650,zero,100,,,
Dk8031,dk8031,Dk8031,,,Kg,2,D2024020800397,650,zero,100,,,
Dkc777,dkc777,Dkc777,,category:seeds|company:bayer east africa|type:inputs,Kg,2,D2024020800398,525,zero,100,,,
Dominex,dominex,Dominex,,category:livestock products|company:juanco sps ltd|type:inputs,Ml,20,D2024020800399,114,zero,100,,,
Doxin,doxin,Doxin,,,Grams,30,D2024020800400,180,zero,100,,,
Doxycol,doxycol,Doxycol,,category:poultry|company:highchem|type:inputs,Grams,30,D2024020800401,135,zero,100,,,
Dragnet,dragnet,Dragnet,,,Ml,50,D2024020800402,181,zero,100,,,
Drinker,drinker,Drinker,,category:poultry|company:barasam|type:inputs,Litre,3,D2024020800403,180,zero,100,,,
Drinkers,drinkers,Drinkers,,,Pieces,10,D2024020800404,350,zero,100,,,
,,,,,Tins,2,D2024020800405,320,zero,100,,,
Dry Brick,dry-brick,Dry Brick,,category:livestock products|company:vet pro|type:inputs,Kg,2,D2024020800406,230,zero,100,,,
Dry Cow,dry-cow,Dry Cow,,category:livestock products|company:topranch|type:inputs,Kg,1,D2024020800407,100,zero,100,,,
Dry Maize Stalks,dry-maize-stalks,Dry Maize Stalks,,category:others|company:local farmer|type:inputs,Acres,1,D2024020800408,1000,zero,100,,,
Dual Deep,dual-deep,Dual Deep,,category:livestock products|company:noorwbrook|type:inputs,Ml,40,D2024020800409,200,zero,100,,,
Dudu All,dudu-all,Dudu All,,category:pest & disease control|company:hangzhou agro ind ea ltd.|type:inputs,Litre,1,D2024020800410,1400,zero,100,,,
Duduthine,duduthine,Duduthine,,category:pest & disease control|company:highchem|type:inputs,Pieces,50,D2024020800411,100,zero,100,,,
Duduthrin,duduthrin,Duduthrin,,,Ml,50,D2024020800412,95,zero,100,,,
,,,,,Litre,1,D2024020800413,1047,zero,100,,,
Duduthrine,duduthrine,Duduthrine,,,Ml,100,D2024020800414,160,zero,100,,,
Duma 419,duma-419,Duma 419,,category:seeds|company:seedco|type:inputs,Kg,2,D2024020800415,480,zero,100,,,
Duma 43,duma-43,Duma 43,,,Kg,2,D2024020800416,550,zero,100,,,
Duo Dip,duo-dip,Duo Dip,,category:acaricides|company:twiga chemical industries ltd.|type:inputs,Ml,20,D2024020800418,140,zero,100,,,
,,,,,Grams,500,D2024020800420,1000,zero,100,,,
Duodip 55%Ec,duodip-55%ec,Duodip 55%Ec,,,Ml,20,D2024020800421,140,zero,100,,,
Duotech,duotech,Duotech,,,Ml,40,D2024020800422,175,zero,100,,,
Dyanemic,dyanemic,Dyanemic,,category:herbicide|company:yara|type:inputs,Ml,50,D2024020800423,200,zero,100,,,
Eartag Small,eartag-small,Eartag Small,https://m.media-amazon.com/images/I/61AxnFMEDpL._AC_UF894,1000_QL80_.jpg,category:other|company:medilink|type:inputs,Pieces,1,E2024020800424,18,zero,100,,,
Easeed Garden 1Ltr,easeed-garden-1ltr,Easeed Garden 1Ltr,https://agritabcart.com/wp-content/uploads/2021/05/IMG_20210501_133550_567.jpg,category:others|company:east africa seed|type:inputs,Litre,1,E2024020800425,225,zero,100,,,
East Africa Carrots,east-africa-carrots,East Africa Carrots,https://www.ics-agri.com/photos/carott-french-quality-seeds-800p.jpg,,Grams,500,E2024020800426,1258,zero,100,,,
Eastleigh,eastleigh,Eastleigh,https://upload.wikimedia.org/wikipedia/commons/thumb/4/47/Eastleigh_UK_locator_map.svg/800px-Eastleigh_UK_locator_map.svg.png,category:livestock products|company:eastleigh|type:inputs,Bags,50,E2024020800427,200,zero,100,,,
Eastleigh Food,eastleigh-food,Eastleigh Food,https://d1ralsognjng37.cloudfront.net/977619a9-6dae-4a78-86cf-ee4d09c7d99b.jpeg,,Bags,10,E2024020800428,200,zero,100,,,
Easy Grow,easy-grow,Easy Grow,https://www.naturalremedy.com/in/wp-content/uploads/sites/3/2023/10/EasyGrow-3.jpg,category:foliar|company:osho chemical industries ltd|type:inputs,Grams,120,E2024020800429,150,zero,100,,,
,,,,,Kg,1,E2024020800430,350,zero,100,,,
,,,,,Litre,10,E2024020800431,80,zero,100,,,
Easy Grow Veg,easy-grow-veg,Easy Grow Veg,https://agroduka.com/images/product/Easygro20Vegetative.jpg,,Grams,120,E2024020800432,58,zero,100,,,
Easygow Fruit Flower,easygow-fruit-flower,Easygow Fruit Flower,https://agroduka.com/images/product/Easygro20Vegetative.jpg,,Grams,250,E2024020800433,104,zero,100,,,
Easygro F/F,easygro-f/f,Easygro F/F,https://uzapal.co.ke/wp-content/uploads/2023/01/Easygro-Flower-Fruit-EASYGRO-FLOWER-FRUIT.png,category:foliar|company:syngenta|type:inputs,Grams,250,E2024020800434,120,zero,100,,,
Easygro Vegetative,easygro-vegetative,Easygro Vegetative,https://agroduka.com/images/product/Easygro20Vegetative.jpg,,Grams,25,E2024020800435,120,zero,100,,,
,,,,,Kg,1,E2024020800436,415,zero,100,,,
Easygrow,easygrow,Easygrow,https://agroduka.com/images/product/Easygro20Vegetative.jpg,category:foliar|company:east africa agrochemicals|type:inputs,Kg,8,E2024020800437,415,zero,100,,,
,,,,,Grams,12,E2024020800438,210,zero,100,,,
Easygrow Ff,easygrow-ff,Easygrow Ff,https://agroduka.com/images/product/Easygro20Vegetative.jpg,,Grams,120,E2024020800439,100,zero,100,,,
Easygrow Fruit Flowering,easygrow-fruit-flowering,Easygrow Fruit Flowering,https://agroduka.com/images/product/Easygro20Vegetative.jpg,,Kg,1,E2024020800440,265,zero,100,,,
,,,,,Grams,120,E2024020800441,55,zero,100,,,
Easygrow Starter,easygrow-starter,Easygrow Starter,https://agroduka.com/images/product/Easygro20Vegetative.jpg,category:fertilizers|company:osho chemical industries ltd|type:inputs,Kg,1,E2024020800442,266,zero,100,,,
Easygrow Vegetative,easygrow-vegetative,Easygrow Vegetative,,,Grams,250,E2024020800443,90,zero,100,,,
Easygrowff,easygrowff,Easygrowff,,,Grams,250,E2024020800444,95,zero,100,,,
Eco Block,eco-block,Eco Block,,category:livestock products|company:agrofeed ltd|type:inputs,Kg,2,E2024020800445,200,zero,100,,,
Ectomin 100Ec,ectomin-100ec,Ectomin 100Ec,,category:livestock products|company:ultravetis|type:inputs,Ml,40,E2024020800446,200,zero,100,,,
Eden Tea,eden-tea,Eden Tea,,,Grams,12,E2024020800447,19,zero,100,,,
Editor,editor,Editor,,category:herbicide|company:farmfix africa ltd|type:inputs,Ml,50,E2024020800448,235,zero,100,,,
Eggs,eggs,Eggs,,category:livestock products|company:philimon|type:inputs,Trays,30,E2024020800449,15,zero,100,,,
,,,,,Pieces,30,E2024020800450,20,zero,100,,,
Egocin,egocin,Egocin,,category:livestock products|company:alffarm|type:inputs,Ml,12,E2024020800451,190,zero,100,,,
,,,,,Grams,25,E2024020800452,55,zero,100,,,
Egocin 20%La,egocin-20%la,Egocin 20%La,,,Ml,50,E2024020800453,140,zero,100,,,
Egocin Chick,egocin-chick,Egocin Chick,,category:poultry|company:medisel|type:inputs,Grams,25,E2024020800454,36,zero,100,,,
Egocin Chick Formula,egocin-chick-formula,Egocin Chick Formula,,,Grams,25,E2024020800455,36,zero,100,,,
Egocin Soluble,egocin-soluble,Egocin Soluble,,category:drugs|company:medisel k ltd|type:inputs,Grams,25,E2024020800456,44,zero,100,,,
Electric Pressure Cooker,electric-pressure-cooker,Electric Pressure Cooker,,category:others|company:max electronics|type:inputs,Pieces,1,E2024020800457,7300,zero,100,,,
Electricity,electricity,Electricity,,category:others|company:pafa poultry breeders and hatcheries ltd|type:inputs,Kg,1,E2024020800458,33,zero,100,,,
Elgon Can Fertilizer,elgon-can-fertilizer,Elgon Can Fertilizer,,category:fertilizers|company:elgon (k) ltd.|type:inputs,Kg,50,E2024020800459,40000,zero,100,,,
Emalon,emalon,Emalon,,category:pest & disease control|company:kenagro|type:inputs,Ml,100,E2024020800460,545,zero,100,,,
Emaron,emaron,Emaron,,,Ml,500,E2024020800461,2400,zero,100,,,
Emmaron,emmaron,Emmaron,,category:insecticides|company:kenagro supplies ltd|type:inputs,Ml,50,E2024020800462,320,zero,100,,,
,,,,,Grams,80,E2024020800463,320,zero,100,,,
Empty Sacks,empty-sacks,Empty Sacks,,category:sacks|company:sacks|type:inputs,Sacks,50,E2024020800464,50,zero,100,,,
Endocure,endocure,Endocure,,,Ml,125,E2024020800465,70,zero,100,,,
,,,,,Ml,40,E2024020800466,83,zero,100,,,
Endocure 10%,endocure-10%,Endocure 10%,,,Ml,135,E2024020800467,220,zero,100,,,
Endoguard,endoguard,Endoguard,,category:livestock products|company:osho chemical ltd|type:inputs,Ml,120,E2024020800468,72,zero,100,,,
Endovectim,endovectim,Endovectim,,category:poultry|company:osho chemical industries ltd|type:inputs,Ml,10,E2024020800469,45,zero,100,,,
Engeo,engeo,Engeo,,,Ml,100,E2024020800470,650,zero,100,,,
,,,,,Litre,1,E2024020800471,2400,zero,100,,,
Enrich,enrich,Enrich,,category:foliar|company:oshothane|type:inputs,Grams,50,E2024020800472,200,zero,100,,,
Epic,epic,Epic,,category:insecticides|company:botachem|type:inputs,Ml,100,E2024020800473,157,zero,100,,,
Episom,episom,Episom,,category:livestock products|company:aroms|type:inputs,Grams,250,E2024020800474,45,zero,100,,,
Episom Salt,episom-salt,Episom Salt,,category:others|company:mutuchem|type:inputs,Grams,250,E2024020800475,45,zero,100,,,
Epsom Salt,epsom-salt,Epsom Salt,,,Grams,500,E2024020800476,101,zero,100,,,
Equition Pro,equition-pro,Equition Pro,,category:fungicides|company:jupot|type:inputs,Kg,1,E2024020800477,1600,zero,100,,,
Esb3,esb3,Esb3,,,Grams,50,E2024020800478,280,zero,100,,,
Esb3 20G,esb3-20g,Esb3 20G,,category:poultry|company:ultravetis|type:inputs,Grams,20,E2024020800479,262,zero,100,,,
Esb3 30%,esb3-30%,Esb3 30%,,,Grams,30,E2024020800480,290,zero,100,,,
Escort,escort,Escort,,,Ml,24,E2024020800481,450,zero,100,,,
Escorts 19 Pesticides,escorts-19-pesticides,Escorts 19 Pesticides,,category:pest & disease control|company:greenlife company|type:inputs,Ml,100,E2024020800482,380,zero,100,,,
Escrot,escrot,Escrot,,,Ml,12,E2024020800483,540,zero,100,,,
Evergrow Organic,evergrow-organic,Evergrow Organic,,category:fertilizers|company:agriprofocus|type:inputs,Kg,50,E2024020800484,1800,zero,100,,,
,,,,,Bags,50,E2024020800485,1800,zero,100,,,
Ex Kupe,ex-kupe,Ex Kupe,,,Ml,20,E2024020800486,75,zero,100,,,
Faida Kienyeji,faida-kienyeji,Faida Kienyeji,https://www.menengaiafyafeeds.co.ke/wp-content/uploads/2016/08/kienyenji70.jpg,category:livestock products|company:kitale industries ltd|type:inputs,Kg,50,F2024020800487,2300,zero,100,,,
Falcon Can Fertilizers,falcon-can-fertilizers,Falcon Can Fertilizers,https://5.imimg.com/data5/SELLER/Default/2023/3/294848845/YS/HS/WA/186644434/pesticides.jpg,,Kg,50,F2024020800488,2570,zero,100,,,
Falcon Fertilizers,falcon-fertilizers,Falcon Fertilizers,https://shambaza.com/custom/domain_1/image_files/51_photo_11417.jpg,,Kg,50,F2024020800489,2550,zero,100,,,
Fan,fan,Fan,https://upload.wikimedia.org/wikipedia/commons/1/17/Ventilatore_a_soffitto_%283%29.png,,Pieces,1,F2024020800490,3000,zero,100,,,
Fanisi,fanisi,Fanisi,https://shambaza.com/custom/domain_1/image_files/436_photo_12553.jpg,category:fertilizers|company:fanisi company|type:inputs,Kg,50,F2024020800491,5200,zero,100,,,
Farmate Spray,farmate-spray,Farmate Spray,https://www.gazdabolt.hu/media/5e/92/a1/1698925716/T13343-1-FarmateNS8.jpg,category:others|company:farmate|type:inputs,Litre,1,F2024020800492,250,zero,100,,,
Farmate Sprayer,farmate-sprayer,Farmate Sprayer,https://www.gazdabolt.hu/media/5e/92/a1/1698925716/T13343-1-FarmateNS8.jpg,category:others|company:hangzhou agro ind ea ltd.|type:inputs,Litre,15,F2024020800493,1950,zero,100,,,
Fde,fde,Fde,,category:fertilizers|company:dap|type:inputs,Kg,10,F2024020800494,3500,zero,100,,,
Fduma 43,fduma-43,Fduma 43,,category:seeds|company:yara milla cereals|type:inputs,Kg,24,F2024020800495,510,zero,100,,,
Fedozinon,fedozinon,Fedozinon,,category:others|company:fedo agencies ltd|type:inputs,Ml,28,F2024020800496,100,zero,100,,,
Feed,feed,Feed,,category:feeds|company:fugo|type:inputs,Kg,2,F2024020800497,140,zero,100,,,
Feeds Ingredient,feeds-ingredient,Feeds Ingredient,,category:livestock products|company:mega feeds|type:inputs,Kg,250,F2024020800498,32,zero,100,,,
Fertelizer,fertelizer,Fertelizer,,category:fertilizers|company:yara milla cereals|type:inputs,Kg,50,F2024020800499,3150,zero,100,,,
Fertilised Eggs,fertilised-eggs,Fertilised Eggs,,category:others|company:lilian farm|type:inputs,Pieces,30,F2024020800500,800,zero,100,,,
Fertiliser,fertiliser,Fertiliser,,category:sacks|company:yara|type:inputs,Kg,50,F2024020800501,3650,zero,100,,,
,,,,,Litre,1,F2024020800502,1800,zero,100,,,
Fertilisers,fertilisers,Fertilisers,,category:fertilizers|company:ruiru fertilizers ltd|type:inputs,Kg,50,F2024020800503,4500,zero,100,,,
Fertilizee,fertilizee,Fertilizee,,category:fertilizers|company:greenlife supplies|type:inputs,Kg,50,F2024020800504,6400,zero,100,,,
Fertilizer,fertilizer,Fertilizer,,,Bags,50,F2024020800505,3400,zero,100,,,
,,,,,Kg,100,F2024020800506,3600,zero,100,,,
Fertilizers,fertilizers,Fertilizers,,,Kg,50,F2024020800507,3200,zero,100,,,
Fertilty Brick,fertilty-brick,Fertilty Brick,,,Kg,2,F2024020800508,230,zero,100,,,
Fertised Eggs,fertised-eggs,Fertised Eggs,,category:others|company:ketrima investments|type:inputs,Pieces,30,F2024020800509,850,zero,100,,,
,,,,,Trays,30,F2024020800510,800,zero,100,,,
Fertlizer,fertlizer,Fertlizer,,category:fertilizers|company:sygenta|type:inputs,Bags,10,F2024020800511,500,zero,100,,,
Fetilized Eggs,fetilized-eggs,Fetilized Eggs,,,Pieces,1,F2024020800512,28,zero,100,,,
Fetilizerr,fetilizerr,Fetilizerr,,category:plant growth booster|company:bayer monsanto|type:inputs,Sheets,10,F2024020800513,500,zero,100,,,
Fezan,fezan,Fezan,,category:herbicide|company:alligare|type:inputs,Litre,5,F2024020800514,13000,zero,100,,,
Finisher,finisher,Finisher,,,Kg,50,F2024020800515,3200,zero,100,,,
Finisi,finisi,Finisi,,category:fertilizers|company:finiisi|type:inputs,Bags,50,F2024020800516,3000,zero,100,,,
Fire All 480Sl,fire-all-480sl,Fire All 480Sl,,category:herbicide|company:mutuchem|type:inputs,Litre,1,F2024020800517,700,zero,100,,,
Fish Food,fish-food,Fish Food,,,Kg,20,F2024020800518,670,zero,100,,,
Fish Meal,fish-meal,Fish Meal,,,Kg,1,F2024020800519,50,zero,100,,,
Fishing Nets,fishing-nets,Fishing Nets,,category:others|company:abdinasir illeret fresh fish investment|type:inputs,Pieces,3,F2024020800520,3700,zero,100,,,
Floaters,floaters,Floaters,,,Pieces,1,F2024020800521,16,zero,100,,,
Folia,folia,Folia,,category:foliar|company:hosho|type:inputs,Litre,10,F2024020800522,250,zero,100,,,
,,,,,Kg,8,F2024020800523,350,zero,100,,,
Foliar,foliar,Foliar,,,Litre,1,F2024020800524,900,zero,100,,,
,,,,,Ml,500,F2024020800525,160,zero,100,,,
Folicur,folicur,Folicur,,,Grams,500,F2024020800526,350,zero,100,,,
,,,,,Ml,50,F2024020800527,310,zero,100,,,
,,,,,Litre,1,F2024020800528,3500,zero,100,,,
Folimat,folimat,Folimat,,,Ml,100,F2024020800529,330,zero,100,,,
Folimatch High K,folimatch-high-k,Folimatch High K,,,Ml,500,F2024020800530,250,zero,100,,,
Folimatch High Nitrogen,folimatch-high-nitrogen,Folimatch High Nitrogen,,,Ml,500,F2024020800531,250,zero,100,,,
Folimatch K,folimatch-k,Folimatch K,,,Ml,250,F2024020800532,150,zero,100,,,
,,,,,Litre,1,F2024020800533,420,zero,100,,,
Folimatch N,folimatch-n,Folimatch N,,,Litre,1,F2024020800534,420,zero,100,,,
Folimatch Viazi,folimatch-viazi,Folimatch Viazi,,,Litre,1,F2024020800535,420,zero,100,,,
Force 1 Plus,force-1-plus,Force 1 Plus,,,Ml,500,F2024020800536,430,zero,100,,,
Force One Super,force-one-super,Force One Super,,,Ml,125,F2024020800537,200,zero,100,,,
Force1 Supper,force1-supper,Force1 Supper,,,Ml,125,F2024020800538,200,zero,100,,,
,,,,,Litre,1,F2024020800539,940,zero,100,,,
Forcelplus,forcelplus,Forcelplus,,,Ml,500,F2024020800540,450,zero,100,,,
,,,,,Litre,1,F2024020800541,2200,zero,100,,,
Forcelsuper,forcelsuper,Forcelsuper,,,Ml,500,F2024020800542,535,zero,100,,,
Fordhook Giant Spinach,fordhook-giant-spinach,Fordhook Giant Spinach,,category:seeds|company:royal seeds|type:inputs,Grams,25,F2024020800543,75,zero,100,,,
Fowl Fox Vaccine,fowl-fox-vaccine,Fowl Fox Vaccine,,,Ml,200,F2024020800544,700,zero,100,,,
Fresh Fish,fresh-fish,Fresh Fish,,category:others|company:tusaidiane fresh fish enterprise|type:inputs,Kg,80,F2024020800545,400,zero,100,,,
Fresh Fry,fresh-fry,Fresh Fry,,,Litre,250,F2024020800546,115,zero,100,,,
Frofile,frofile,Frofile,,,Ml,250,F2024020800547,500,zero,100,,,
Fugo Feeds,fugo-feeds,Fugo Feeds,,category:feeds|company:bb company|type:inputs,Kg,1,F2024020800548,55,zero,100,,,
Fukokill,fukokill,Fukokill,,category:pest & disease control|company:imaginecare|type:inputs,Grams,25,F2024020800549,65,zero,100,,,
Fungavit Maziwa,fungavit-maziwa,Fungavit Maziwa,,category:poultry|company:ava chemicals|type:inputs,Kg,2,F2024020800550,200,zero,100,,,
Fusilande Forte,fusilande-forte,Fusilande Forte,,,Litre,1,F2024020800551,2050,zero,100,,,
Gadam,gadam,Gadam,https://agroduka.com/images/product/20230527_224937.jpg,category:seeds|company:karlo|type:inputs,Kg,2,G2024020800552,330,zero,100,,,
Galigan,galigan,Galigan,https://sawariyaagritech.com/uploads/product/BeytA2MeuUNSHMqQ38gQbEQlHrqBbYCrWKk7PP1Y.jpg,category:herbicide|company:amiran (k) ltd|type:inputs,Litre,5,G2024020800553,2500,zero,100,,,
Gardal,gardal,Gardal,https://profisupplies.com/cdn/shop/products/gardal.jpg?v=1615479092,,Ml,120,G2024020800554,170,zero,100,,,
Genie Gold,genie-gold,Genie Gold,https://imaginecare.co.ke/wp-content/uploads/2023/03/genie-gold-01-2.jpg,category:foliar|company:kenagro supplies ltd|type:inputs,Ml,100,G2024020800555,200,zero,100,,,
Giant Nightshade Managu,giant-nightshade-managu,Giant Nightshade Managu,https://ke.jumia.is/unsafe/fit-in/680x680/filters:fill(white)/product/95/377427/2.jpg?3553,,Grams,10,G2024020800556,45,zero,100,,,
Glean,glean,Glean,https://www.jiomart.com//images/product/240x240/rvhv7tgnbg/glean-the-power-of-cleaning-toilet-cleaner-and-disinfectant-750-ml-with-variant-pack-pack-of-1-product-images-orvhv7tgnbg-p598890644-0-202302271800.jpg,,Grams,1,G2024020800557,40,zero,100,,,
Glo Plus.,glo-plus.,Glo Plus.,,category:fertilizers|company:real ipm kenya|type:inputs,Grams,50,G2024020800558,150,zero,100,,,
Gloria F1 Cabbage,gloria-f1-cabbage,Gloria F1 Cabbage,,,Grams,50,G2024020800559,2900,zero,100,,,
Glpro,glpro,Glpro,,category:herbicide|company:agrichem africa limited|type:inputs,Litre,5,G2024020800560,420,zero,100,,,
Glucose,glucose,Glucose,,,Grams,12,G2024020800561,3,zero,100,,,
Glycel,glycel,Glycel,,,Litre,1,G2024020800562,492,zero,100,,,
Glypro,glypro,Glypro,,category:herbicide|company:agrichem africa ltd|type:inputs,Litre,1,G2024020800563,470,zero,100,,,
,,,,,Ml,500,G2024020800564,320,zero,100,,,
Gnass Carrots,gnass-carrots,Gnass Carrots,,category:seeds|company:gnass|type:inputs,Grams,500,G2024020800565,1720,zero,100,,,
Gns Bovita,gns-bovita,Gns Bovita,,category:livestock products|company:iprocure|type:inputs,. Kg,1000,G2024020800566,140,zero,100,,,
Golan,golan,Golan,,category:pest & disease control|company:amiran (k) ltd|type:inputs,Litre,5,G2024020800567,12500,zero,100,,,
Goldchance,goldchance,Goldchance,,,Kg,1,G2024020800568,290,zero,100,,,
,,,,,Grams,500,G2024020800569,165,zero,100,,,
Golden Bell,golden-bell,Golden Bell,,,Pieces,12,G2024020800570,550,zero,100,,,
Gorvernor,gorvernor,Gorvernor,,,Pack,10,G2024020800571,300,zero,100,,,
Governor,governor,Governor,,,Litre,1,G2024020800572,1520,zero,100,,,
Gr0Owermash,gr0owermash,Gr0Owermash,,,Kg,10,G2024020800573,320,zero,100,,,
Grademyter,grademyter,Grademyter,,category:insecticides|company:kenagro|type:inputs,Ml,100,G2024020800574,220,zero,100,,,
Gradometer,gradometer,Gradometer,,,Ml,100,G2024020800575,288,zero,100,,,
Gradometor,gradometor,Gradometor,,,Ml,50,G2024020800576,150,zero,100,,,
Gradometor(Kenagro),gradometor(kenagro),Gradometor(Kenagro),,category:livestock products|company:agro allied ventures|type:inputs,Ml,50,G2024020800577,110,zero,100,,,
Graph Book,graph-book,Graph Book,,category:others|company:karatasi publishers|type:inputs,Pieces,12,G2024020800578,100,zero,100,,,
Green Gram N26,green-gram-n26,Green Gram N26,,,Kg,2,G2024020800579,450,zero,100,,,
Greencop,greencop,Greencop,,,Kg,1,G2024020800580,1349,zero,100,,,
Greengram,greengram,Greengram,,category:seeds|company:grade 2|type:inputs,Kg,10,G2024020800581,1000,zero,100,,,
Greengrams,greengrams,Greengrams,,category:seeds|company:seed co|type:inputs,Kg,2,G2024020800582,800,zero,100,,,
Grenade,grenade,Grenade,,,Ml,20,G2024020800583,78,zero,100,,,
Gro Plus,gro-plus,Gro Plus,,,Grams,50,G2024020800584,150,zero,100,,,
Grower Mash,grower-mash,Grower Mash,,category:poultry|company:fugo feeds|type:inputs,Kg,50,G2024020800585,3170,zero,100,,,
Grower Plus,grower-plus,Grower Plus,,,Kg,50,G2024020800586,2350,zero,100,,,
Growermash,growermash,Growermash,,,Kg,50,G2024020800587,3160,zero,100,,,
Growers,growers,Growers,,,Kg,5,G2024020800588,180,zero,100,,,
Growers Mash,growers-mash,Growers Mash,,,Kg,20,G2024020800589,730,zero,100,,,
Growers Mash Extra Plus,growers-mash-extra-plus,Growers Mash Extra Plus,,,Kg,5,G2024020800590,180,zero,100,,,
Growers Mutch,growers-mutch,Growers Mutch,,category:feeds|company:faida|type:inputs,Kg,50,G2024020800591,3600,zero,100,,,
Guine Gold,guine-gold,Guine Gold,,,Ml,100,G2024020800592,180,zero,100,,,
Gumboro,gumboro,Gumboro,,category:poultry|company:kaptich|type:inputs,Ml,10,G2024020800593,350,zero,100,,,
H6213,h6213,H6213,https://www.farmworx.co.ke/wp-content/uploads/2023/09/Bold-Sale-Brand-Website-Homepage-Banner-3-1024x576.jpg,category:seedlings|company:kenya seed|type:inputs,Pack,12,H2024020800594,4800,zero,100,,,
Hai -Aminine,hai--aminine,Hai -Aminine,,category:herbicide|company:hangzhou agro ind ea ltd.|type:inputs,Litre,12,H2024020800595,450,zero,100,,,
Halothrin,halothrin,Halothrin,https://orbitchem.com/images/trading.gif,category:pest & disease control|company:agro farmer (k) ltd|type:inputs,Ml,250,H2024020800596,250,zero,100,,,
,,,,,Litre,1,H2024020800597,950,zero,100,,,
Haraka Seeds,haraka-seeds,Haraka Seeds,https://brightcrop.in/cdn/shop/products/Kodo_web-1_1024x1024.png?v=1682491012,category:seeds|company:western seeds|type:inputs,Kg,2,H2024020800598,700,zero,100,,,
Hass Avocado,hass-avocado,Hass Avocado,https://specialtyproduce.com/sppics/949.png,category:seeds|company:miller farm|type:inputs,Kg,4,H2024020800599,70,zero,100,,,
Hass Avocados,hass-avocados,Hass Avocados,https://specialtyproduce.com/sppics/949.png,category:seeds|company:keru farm technology|type:inputs,Kg,4,H2024020800600,410,zero,100,,,
Hb 513,hb-513,Hb 513,,,Kg,2,H2024020800601,380,zero,100,,,
Hb 516,hb-516,Hb 516,,,Kg,2,H2024020800602,380,zero,100,,,
Hb 614,hb-614,Hb 614,,,Kg,2,H2024020800603,380,zero,100,,,
Hb 6213,hb-6213,Hb 6213,,,Kg,2,H2024020800604,380,zero,100,,,
Hb 624,hb-624,Hb 624,,,Kg,2,H2024020800605,380,zero,100,,,
Hb 629,hb-629,Hb 629,,,Kg,2,H2024020800606,380,zero,100,,,
Hb Maize,hb-maize,Hb Maize,,,Kg,10,H2024020800607,4560,zero,100,,,
Healing,healing,Healing,,,Ml,100,H2024020800608,190,zero,100,,,
Heat Bulbs,heat-bulbs,Heat Bulbs,,,Pieces,1,H2024020800609,55,zero,100,,,
Heavy Duty 402,heavy-duty-402,Heavy Duty 402,,,Pieces,20,H2024020800610,100,zero,100,,,
Heifers,heifers,Heifers,,category:others|company:kosiom farm|type:inputs,Others,1,H2024020800611,30000,zero,100,,,
Herbikill,herbikill,Herbikill,,,Ml,500,H2024020800612,475,zero,100,,,
,,,,,Litre,1,H2024020800613,800,zero,100,,,
Herbistar,herbistar,Herbistar,,,Ml,200,H2024020800614,220,zero,100,,,
,,,,,Litre,1,H2024020800615,750,zero,100,,,
Herbster,herbster,Herbster,,,Litre,1,H2024020800616,710,zero,100,,,
,,,,,Ml,500,H2024020800617,400,zero,100,,,
Hermatic Bag,hermatic-bag,Hermatic Bag,,,Bags,100,H2024020800618,200,zero,100,,,
Hi Yielder ,hi-yielder,Hi Yielder ,,category:salts|company:agricare resources co.ltd|type:inputs,Kg,10,H2024020800619,470,zero,100,,,
High Iron Beans,high-iron-beans,High Iron Beans,,category:seeds|company:kalro|type:inputs,Kg,50,H2024020800620,560,zero,100,,,
High Nitro,high-nitro,High Nitro,,,Ml,500,H2024020800621,280,zero,100,,,
,,,,,Litre,1,H2024020800622,500,zero,100,,,
High Yield Dairy Meal.,high-yield-dairy-meal.,High Yield Dairy Meal.,,,Kg,20,H2024020800623,1010,zero,100,,,
High Yield.,high-yield.,High Yield.,,category:livestock products|company:mant farm care|type:inputs,Sacks,10,H2024020800624,350,zero,100,,,
,,,,,Kg,50,H2024020800625,2520,zero,100,,,
Highmax,highmax,Highmax,,,Ml,500,H2024020800626,350,zero,100,,,
Highstim,highstim,Highstim,,category:plant growth booster|company:farmbase agriscience|type:inputs,Ml,100,H2024020800627,80,zero,100,,,
Histacure(Kelah),histacure(kelah),Histacure(Kelah),,category:livestock products|company:pharma sweden|type:inputs,Ml,50,H2024020800628,380,zero,100,,,
Holithrine,holithrine,Holithrine,,category:insecticides|company:hi chem|type:inputs,Pieces,50,H2024020800629,90,zero,100,,,
Homivet,homivet,Homivet,,category:livestock products|company:dips bioscience|type:inputs,Others,1,H2024020800630,60,zero,100,,,
Honet,honet,Honet,,category:fungicides|company:jiangsu|type:inputs,Ml,50,H2024020800631,160,zero,100,,,
Hornets,hornets,Hornets,,category:pest & disease control|company:jiangsu|type:inputs,Ml,50,H2024020800632,160,zero,100,,,
Hotline,hotline,Hotline,,,Litre,1,H2024020800633,2500,zero,100,,,
,,,,,Ml,100,H2024020800634,324,zero,100,,,
Hp Pencil,hp-pencil,Hp Pencil,,,Pieces,12,H2024020800635,25,zero,100,,,
Hurricane,hurricane,Hurricane,,,Litre,1,H2024020800636,720,zero,100,,,
Hurricane 200Sl,hurricane-200sl,Hurricane 200Sl,,,Litre,1,H2024020800637,680,zero,100,,,
Huskie,huskie,Huskie,,,Litre,1,H2024020800638,3800,zero,100,,,
Hybrid 614,hybrid-614,Hybrid 614,,category:seeds|company:mashambani|type:inputs,Kg,10,H2024020800639,1900,zero,100,,,
Hybrid 6213,hybrid-6213,Hybrid 6213,,,Kg,2,H2024020800640,380,zero,100,,,
Hybrid 629,hybrid-629,Hybrid 629,,,Kg,2,H2024020800641,380,zero,100,,,
Hybrid Maize,hybrid-maize,Hybrid Maize,,category:foliar|company:kenya seed|type:inputs,Kg,2,H2024020800642,420,zero,100,,,
Hybrid6213,hybrid6213,Hybrid6213,,,Bags,12,H2024020800643,4800,zero,100,,,
Hynitro,hynitro,Hynitro,,category:foliar|company:truevet|type:inputs,Ml,250,H2024020800644,250,zero,100,,,
I-Clipse 100Cs,i-clipse-100cs,I-Clipse 100Cs,https://cheapthings.store/wp-content/uploads/2021/09/iclipse-100cs.png,,Ml,15,I2024020800645,220,zero,100,,,
Ideal Block,ideal-block,Ideal Block,https://www.idealconcreteblock.com/wp-content/uploads/2020/08/Fat-Face-unit-2.png,category:livestock products|company:nk|type:inputs,Kg,2,I2024020800646,170,zero,100,,,
Incubator,incubator,Incubator,https://lh3.googleusercontent.com/proxy/iuH6jlrfEeXyj7TKaX7YRUYdCB6jbvTEksvwoGiHIfjQprhC4a1UO1h8VbSMbbgU-nPoHy3kyrb_jTN4jXeJRUzog7HJMks3tr9W7o6liJvhEQ8PKSkhfBwA1vTkZ_phQ06IzoDU-x8,,Pieces,1,I2024020800647,14000,zero,100,,,
Incubator Fan,incubator-fan,Incubator Fan,https://m.media-amazon.com/images/I/61kwPy3q7xL.jpg,,Pieces,1,I2024020800648,1,zero,100,,,
Indomies,indomies,Indomies,,category:others|company:ahero millers|type:inputs,Pieces,1,I2024020800649,50,zero,100,,,
Infinito,infinito,Infinito,,,Ml,1,I2024020800650,1,zero,100,,,
,,,,,Litre,1,I2024020800651,3900,zero,100,,,
Insect Trap(Yellow),insect-trap(yellow),Insect Trap(Yellow),https://c8.alamy.com/comp/2JGPFGY/yellow-sticky-insect-trap-in-the-garden-2JGPFGY.jpg,category:pest & disease control|company:agroduka|category:innoculant|company:greenlife|type:inputs,Pieces,10,I2024020800652,600,zero,100,,,
Integra,integra,Integra,https://www.greenlife.co.ke/wp-content/uploads/2022/03/Integra.png,,Litre,1,I2024020800653,2200,zero,100,,,
,,,,,Ml,100,I2024020800654,300,zero,100,,,
,,,,,Grams,50,I2024020800655,140,zero,100,,,
,,,,,Ml,25,I2024020800656,88,zero,100,,,
Irish Potato,irish-potato,Irish Potato,,category:seeds|company:chamtany multy purpose group|type:inputs,Kg,50,I2024020800657,3000,zero,100,,,
Iron Sheets 3 Metres,iron-sheets-3-metres,Iron Sheets 3 Metres,,category:others|company:natuntun farmer organization|type:inputs,Sheets,12,I2024020800658,1450,zero,100,,,
Isacop,isacop,Isacop,,,Grams,500,I2024020800659,803,zero,100,,,
Isomedium 125G,isomedium-125g,Isomedium 125G,,,Grams,125,I2024020800660,100,zero,100,,,
Ivermectin,ivermectin,Ivermectin,,category:others|company:murphy chemicals|type:inputs,Ml,10,I2024020800661,60,zero,100,,,
Ivermed,ivermed,Ivermed,,,Ml,10,I2024020800662,60,zero,100,,,
Ivermet,ivermet,Ivermet,,category:poultry|company:metrovet kenya|type:inputs,Ml,50,I2024020800663,290,zero,100,,,
Jackpot,jackpot,Jackpot,,,Ml,50,J2024020800664,155,zero,100,,,
,,,,,Litre,1,J2024020800665,1730,zero,100,,,
Jembe,jembe,Jembe,https://m.media-amazon.com/images/I/41tqoV1-GaL.jpg,,Pieces,10,J2024020800666,400,zero,100,,,
Jembe Handles,jembe-handles,Jembe Handles,https://m.media-amazon.com/images/I/41tqoV1-GaL.jpg,category:others|company:js|type:inputs,Others,1,J2024020800667,50,zero,100,,,
Jiko Bora Mama Yao,jiko-bora-mama-yao,Jiko Bora Mama Yao,https://sefbuy.com/wp-content/uploads/2023/04/image_picker5825284494092906171-1.jpg,category:others|company:solar sisters|type:inputs,Pieces,1,J2024020800668,3290,zero,100,,,
Jiko Chum No.1,jiko-chum-no.1,Jiko Chum No.1,https://envirofit.org/wp-content/uploads/2016/07/SuperSaver_Charcoal_RL.jpg,category:others|company:individual|type:inputs,Pieces,1,J2024020800669,1500,zero,100,,,
Jiko Chuma No.1,jiko-chuma-no.1,Jiko Chuma No.1,,,Pieces,1,J2024020800670,1500,zero,100,,,
Jiko Malkia,jiko-malkia,Jiko Malkia,,,Pieces,1,J2024020800671,4313,zero,100,,,
Jiko Uhai,jiko-uhai,Jiko Uhai,,,Pieces,1,J2024020800672,1000,zero,100,,,
Jk Files,jk-files,Jk Files,,category:others|company:copia kenya|type:inputs,Others,12,J2024020800673,150,zero,100,,,
Joj.Heat Booster,joj.heat-booster,Joj.Heat Booster,,category:livestock products|company:east africa ltd|type:inputs,Grams,100,J2024020800674,100,zero,100,,,
Joto,joto,Joto,,,Kg,1,J2024020800675,100,zero,100,,,
Jubaili Block,jubaili-block,Jubaili Block,,category:livestock products|company:agrotec|type:inputs,Kg,3,J2024020800676,250,zero,100,,,
Jundo,jundo,Jundo,,category:pest & disease control|company:best field ea|type:inputs,Ml,500,J2024020800677,1525,zero,100,,,
Jungu Karanga,jungu-karanga,Jungu Karanga,,,Kg,1,J2024020800678,55,zero,100,,,
K Leaf,k-leaf,K Leaf,https://agritabcart.com/wp-content/uploads/2019/04/24.jpg,category:foliar|company:elgon (k) ltd.|type:inputs,Kg,1,K2024020800679,280,zero,100,,,
Kale,kale,Kale,https://cdn.britannica.com/74/181374-050-83F7B492/kale-leaves.jpg,,Grams,50,K2024020800680,112,zero,100,,,
Kale Curled,kale-curled,Kale Curled,https://cdn.britannica.com/74/181374-050-83F7B492/kale-leaves.jpg,category:seedlings|company:hygrotech|type:inputs,Grams,10,K2024020800681,75,zero,100,,,
Kale Keeper,kale-keeper,Kale Keeper,https://cdn.britannica.com/74/181374-050-83F7B492/kale-leaves.jpg,,Grams,50,K2024020800682,187,zero,100,,,
Kales,kales,Kales,https://cdn.britannica.com/74/181374-050-83F7B492/kale-leaves.jpg,,Grams,25,K2024020800683,95,zero,100,,,
,,,,,Sacks,90,K2024020800684,1200,zero,100,,,
Kamusi Teule,kamusi-teule,Kamusi Teule,https://m.media-amazon.com/images/I/61ddqrM6UmL._AC_UF894,1000_QL80_.jpg,,Pieces,12,K2024020800685,1700,zero,100,,,
Kamusi Ya Karne,kamusi-ya-karne,Kamusi Ya Karne,,,Pieces,12,K2024020800686,1500,zero,100,,,
Kaolin,kaolin,Kaolin,,category:pest & disease control|company:britanica|type:inputs,Grams,250,K2024020800687,40,zero,100,,,
Kara,kara,Kara,,category:fertilizers|company:kara|type:inputs,Litre,5,K2024020800688,3000,zero,100,,,
Karate,karate,Karate,,,Ml,60,K2024020800689,249,zero,100,,,
Karate Zion,karate-zion,Karate Zion,,,Ml,100,K2024020800690,350,zero,100,,,
Karete,karete,Karete,,category:insecticides|company:syngenta|type:inputs,Pieces,50,K2024020800691,300,zero,100,,,
Kari Mtama 1,kari-mtama-1,Kari Mtama 1,,,Kg,2,K2024020800692,320,zero,100,,,
Karri Mtama 1,karri-mtama-1,Karri Mtama 1,,,Kg,2,K2024020800693,330,zero,100,,,
Kausha,kausha,Kausha,,,Litre,5,K2024020800694,2100,zero,100,,,
,,,,,Ml,500,K2024020800695,250,zero,100,,,
Kcj Jikos,kcj-jikos,Kcj Jikos,,,Pieces,1,K2024020800696,900,zero,100,,,
Kenagro Suppliers Ltd,kenagro-suppliers-ltd,Kenagro Suppliers Ltd,,category:herbicide|company:kenagro suppliers ltd|type:inputs,Litre,12,K2024020800697,600,zero,100,,,
Kensalt,kensalt,Kensalt,,,Kg,1,K2024020800698,35,zero,100,,,
Kiboko F1,kiboko-f1,Kiboko F1,,category:seeds|company:ultravetis|type:inputs,Grams,25,K2024020800699,1260,zero,100,,,
Kienyeji,kienyeji,Kienyeji,,category:livestock products|company:tarajio feed|type:inputs,Kg,5,K2024020800700,130,zero,100,,,
Kienyeji Chick Mash,kienyeji-chick-mash,Kienyeji Chick Mash,,category:feeds|company:unga feeds|type:inputs,Kg,20,K2024020800701,1050,zero,100,,,
Kienyeji Equity,kienyeji-equity,Kienyeji Equity,,category:livestock products|company:equity feed|type:inputs,Kg,5,K2024020800702,130,zero,100,,,
Kienyeji Growers,kienyeji-growers,Kienyeji Growers,,category:livestock products|company:fugo|type:inputs,Kg,25,K2024020800703,1165,zero,100,,,
Kienyeji Mash,kienyeji-mash,Kienyeji Mash,,category:livestock products|company:milele feeds limited|type:inputs,Kg,70,K2024020800704,2150,zero,100,,,
Kienyeji Mash.,kienyeji-mash.,Kienyeji Mash.,,,Kg,10,K2024020800705,460,zero,100,,,
Kienyeji Pellets,kienyeji-pellets,Kienyeji Pellets,,category:livestock products|company:triple feeds|type:inputs,Kg,5,K2024020800706,250,zero,100,,,
Kinetic,kinetic,Kinetic,,category:pest & disease control|company:farmfix africa ltd|type:inputs,Litre,1,K2024020800707,3500,zero,100,,,
,,,,,Ml,100,K2024020800708,250,zero,100,,,
,,,,,Litre,1,K2024020800709,3800,zero,100,,,
Kiyenyenji Mash,kiyenyenji-mash,Kiyenyenji Mash,,,Kg,20,K2024020800710,580,zero,100,,,
Klassic,klassic,Klassic,,,Ml,500,K2024020800711,1124,zero,100,,,
Knapsack,knapsack,Knapsack,,category:others|company:barkbark osho|type:inputs,Litre,20,K2024020800712,2100,zero,100,,,
Knapsack Prayer,knapsack-prayer,Knapsack Prayer,,,Litre,20,K2024020800713,2250,zero,100,,,
Knapsack Sprayer,knapsack-sprayer,Knapsack Sprayer,,category:others|company:vetcare|type:inputs,Litre,15,K2024020800714,1750,zero,100,,,
Knockbectin,knockbectin,Knockbectin,,,Ml,100,K2024020800715,333,zero,100,,,
Kozano,kozano,Kozano,,,Litre,1,K2024020800716,4612,zero,100,,,
Ks,ks,Ks,,,Kg,2,K2024020800717,520,zero,100,,,
Kunde,kunde,Kunde,,category:others|company:personal|type:inputs,Kg,40,K2024020800718,800,zero,100,,,
Kungunil,kungunil,Kungunil,,category:others|company:greenlife|type:inputs,Ml,1,K2024020800719,120,zero,100,,,
Lambdastar,lambdastar,Lambdastar,https://5.imimg.com/data5/SELLER/Default/2023/3/293390655/TZ/HH/OK/160400052/whatsapp-image-2023-03-18-at-12-07-33-pm-1-.jpeg,category:insecticides|company:elgon (k) ltd.|type:inputs,Ml,50,L2024020800720,90,zero,100,,,
Lancer,lancer,Lancer,,,Ml,100,L2024020800721,270,zero,100,,,
Lavender,lavender,Lavender,https://rukminim2.flixcart.com/image/850/1000/jc7z0y80/plant-seed/j/y/h/100-lavender-flower-nema-original-imaffebyuqdrhyfh.jpeg?q=20&crop=false,category:fertilizers|company:greenlife|type:inputs,Ml,100,L2024020800722,220,zero,100,,,
Lay Mash,lay-mash,Lay Mash,https://starmilling.com/wp-content/uploads/2020/09/kelleys-ap-mash-525x1024.jpg,category:others|company:karimi company|type:inputs,Kg,50,L2024020800723,3850,zero,100,,,
Layer Mash,layer-mash,Layer Mash,https://5.imimg.com/data5/SELLER/Default/2023/1/UY/FK/BI/4384205/slt-layer-mash-poultry-feed.jpg,category:feeds|company:karimi company|type:inputs,Kg,50,L2024020800724,3800,zero,100,,,
Layers,layers,Layers,,,Kg,10,L2024020800725,460,zero,100,,,
Layers And Growers Marsh,layers-and-growers-marsh,Layers And Growers Marsh,https://unga-group.com/wp-content/uploads/2019/06/Growers-mash-1.png,category:poultry|company:unga feed|type:inputs,Kg,10,L2024020800726,700,zero,100,,,
Layers Complete Mash,layers-complete-mash,Layers Complete Mash,,,Kg,70,L2024020800727,3000,zero,100,,,
Layers Mash,layers-mash,Layers Mash,,,Kg,10,L2024020800728,435,zero,100,,,
Layersmash,layersmash,Layersmash,,category:feeds|company:ashama|type:inputs,Kg,50,L2024020800729,3500,zero,100,,,
Lemon,lemon,Lemon,,category:seedlings|company:pema|type:inputs,Pieces,1,L2024020800730,10,zero,100,,,
Levafas 150,levafas-150,Levafas 150,,,Pieces,150,L2024020800731,135,zero,100,,,
Levafas Diamond,levafas-diamond,Levafas Diamond,,category:others|company:norbrook|type:inputs,Ml,125,L2024020800732,200,zero,100,,,
,,,,,Litre,1,L2024020800733,1190,zero,100,,,
Levafas Diamond ,levafas-diamond-,Levafas Diamond ,,,Litre,1,L2024020800734,1358,zero,100,,,
Levafas Extra,levafas-extra,Levafas Extra,,,Ml,40,L2024020800735,106,zero,100,,,
Levafas Xtra,levafas-xtra,Levafas Xtra,,,Ml,40,L2024020800736,100,zero,100,,,
Levazan Suspension,levazan-suspension,Levazan Suspension,,category:poultry|company:biodeal|type:inputs,Litre,1,L2024020800737,300,zero,100,,,
Levimox,levimox,Levimox,,category:livestock products|company:nerix phama|type:inputs,Ml,150,L2024020800738,150,zero,100,,,
Levus,levus,Levus,,,Ml,100,L2024020800739,500,zero,100,,,
Lexus,lexus,Lexus,,,Ml,100,L2024020800740,486,zero,100,,,
Light Kaolin,light-kaolin,Light Kaolin,,,Grams,250,L2024020800741,100,zero,100,,,
Linagan,linagan,Linagan,,,Grams,100,L2024020800742,260,zero,100,,,
,,,,,Ml,50,L2024020800743,275,zero,100,,,
Liquid Nitrogen,liquid-nitrogen,Liquid Nitrogen,,category:livestock products|company:adc kitale|type:inputs,Litre,2,L2024020800744,400,zero,100,,,
Liquid Paraffin,liquid-paraffin,Liquid Paraffin,,category:pest & disease control|company:medisel ltd|type:inputs,Ml,50,L2024020800745,40,zero,100,,,
Liquid Paraffn,liquid-paraffn,Liquid Paraffn,,category:others|company:tradekey|type:inputs,Ml,100,L2024020800746,100,zero,100,,,
Livestock Microbes,livestock-microbes,Livestock Microbes,,category:poultry|company:molaplus|type:inputs,Litre,5,L2024020800747,420,zero,100,,,
Loans,loans,Loans,,,Kg,10,L2024020800748,5800,zero,100,,,
Local Ayrshire Adc,local-ayrshire-adc,Local Ayrshire Adc,,,Pieces,1,L2024020800749,300,zero,100,,,
Lotus,lotus,Lotus,,,Pieces,50,L2024020800750,150,zero,100,,,
Loyalty,loyalty,Loyalty,,,Grams,5,L2024020800751,60,zero,100,,,
Luna Sensation,luna-sensation,Luna Sensation,,,Ml,100,L2024020800752,1100,zero,100,,,
M.S Norbrook ,m.s-norbrook,M.S Norbrook ,,category:milking equipment|company:norbrook|type:inputs,Grams,100,M2024020800753,75,zero,100,,,
Macklick Brick,macklick-brick,Macklick Brick,https://www.ckl.africa/wp-content/uploads/2018/02/ckl-maclik-mineral-brick.png,,Kg,2,M2024020800754,215,zero,100,,,
Macklick Super,macklick-super,Macklick Super,https://www.ckl.africa/wp-content/uploads/2018/02/ckl-Maclik-SUPER-3.png,,Kg,2,M2024020800755,360,zero,100,,,
,,,,,Pieces,1,M2024020800756,180,zero,100,,,
Maclick,maclick,Maclick,https://www.ckl.africa/wp-content/uploads/2018/02/ckl-Maclik-SUPER-3.png,,Kg,2,M2024020800757,360,zero,100,,,
Maclick Beef,maclick-beef,Maclick Beef,https://www.ckl.africa/wp-content/uploads/2018/02/ckl-Maclik-SUPER-3.png,,Kg,10,M2024020800758,820,zero,100,,,
Maclick Dry,maclick-dry,Maclick Dry,,,Kg,2,M2024020800759,365,zero,100,,,
Maclick Dry Cow,maclick-dry-cow,Maclick Dry Cow,,category:livestock products|company:farmers|type:inputs,Kg,1,M2024020800760,215,zero,100,,,
Maclick Plus,maclick-plus,Maclick Plus,,category:livestock products|company:coppers|type:inputs,Kg,1,M2024020800761,140,zero,100,,,
Maclick Super,maclick-super,Maclick Super,,,Kg,5,M2024020800762,825,zero,100,,,
,,,,,Grams,500,M2024020800763,121,zero,100,,,
Maclick Supper,maclick-supper,Maclick Supper,,,Kg,1,M2024020800764,60,zero,100,,,
Maclik Drycow,maclik-drycow,Maclik Drycow,,category:salts|company:coopers kenya ltd|type:inputs,Kg,1,M2024020800765,235,zero,100,,,
Maclik Super,maclik-super,Maclik Super,,category:salts|company:salts coopers|type:inputs,Grams,500,M2024020800766,140,zero,100,,,
,,,,,Kg,1,M2024020800767,235,zero,100,,,
Magadi,magadi,Magadi,,,Kg,1,M2024020800768,50,zero,100,,,
Magadi Mineral,magadi-mineral,Magadi Mineral,,category:poultry|company:tata chemicals|type:inputs,Kg,50,M2024020800769,1000,zero,100,,,
Magadi Salt,magadi-salt,Magadi Salt,,category:livestock products|company:unifarm|type:inputs,Kg,10,M2024020800770,180,zero,100,,,
Magadi Salt ,magadi-salt-,Magadi Salt ,,category:salts|company:mant farm care|type:inputs,Kg,10,M2024020800771,160,zero,100,,,
Magic,magic,Magic,,category:pest & disease control|company:agriscope africa ltd.|type:inputs,Ml,250,M2024020800772,200,zero,100,,,
Magical,magical,Magical,,,Litre,1,M2024020800773,400,zero,100,,,
Maguguma Herbicide,maguguma-herbicide,Maguguma Herbicide,,,Litre,1,M2024020800774,1100,zero,100,,,
,,,,,Ml,500,M2024020800775,600,zero,100,,,
Magunia,magunia,Magunia,,category:others|company:kikuyu|type:inputs,Kg,50,M2024020800776,22,zero,100,,,
Mahalaabh,mahalaabh,Mahalaabh,,category:foliar|company:agrisolutions ltd|type:inputs,Kg,1,M2024020800777,350,zero,100,,,
Maize 43,maize-43,Maize 43,,,Kg,2,M2024020800778,495,zero,100,,,
Maize Cereals,maize-cereals,Maize Cereals,,,Bags,90,M2024020800779,5500,zero,100,,,
Maize Dk7777,maize-dk7777,Maize Dk7777,,,Kg,2,M2024020800780,700,zero,100,,,
Maize Duma, Sugura,maize-duma,-sugura,Maize Duma, Sugura,,,Pieces,2,M2024020800781,510,zero,100,,,
Maize Farm,maize-farm,Maize Farm,,category:fertilizers|company:kerow farmer|type:inputs,Kg,20,M2024020800782,100,zero,100,,,
Maize Flour,maize-flour,Maize Flour,,,Kg,24,M2024020800783,92,zero,100,,,
Maize Germ,maize-germ,Maize Germ,,category:livestock products|company:robert ouko|type:inputs,Kg,1,M2024020800784,100,zero,100,,,
Maize H507,maize-h507,Maize H507,,,Kg,2,M2024020800785,550,zero,100,,,
Maize H6213,maize-h6213,Maize H6213,,,Kg,2,M2024020800786,380,zero,100,,,
,,,,,Bags,40,M2024020800787,420,zero,100,,,
,,,,,Others,12,M2024020800788,5040,zero,100,,,
Maize Hb 614,maize-hb-614,Maize Hb 614,,,Kg,20,M2024020800789,400,zero,100,,,
Maize Hb 628,maize-hb-628,Maize Hb 628,,,Kg,2,M2024020800790,370,zero,100,,,
Maize Hb 629,maize-hb-629,Maize Hb 629,,,Bags,2,M2024020800791,410,zero,100,,,
,,,,,Kg,2,M2024020800792,200,zero,100,,,
Maize Plus,maize-plus,Maize Plus,,,Kg,100,M2024020800793,3500,zero,100,,,
,,,,,Litre,5,M2024020800794,400,zero,100,,,
Maize Seed,maize-seed,Maize Seed,,category:seeds|company:kenya seed company|type:inputs,Bags,10,M2024020800795,500,zero,100,,,
,,,,,Pack,5,M2024020800796,420,zero,100,,,
Maize Seeds,maize-seeds,Maize Seeds,,,Kg,2,M2024020800797,450,zero,100,,,
Maize T0Sheka,maize-t0sheka,Maize T0Sheka,,category:fertilizers|company:paramount agrovet|type:inputs,Kg,2,M2024020800798,400,zero,100,,,
Mamgard,mamgard,Mamgard,,category:livestock products|company:artevet|type:inputs,Grams,5,M2024020800799,165,zero,100,,,
Managu,managu,Managu,,category:others|company:jane nyabuto|type:inputs,Tins,1,M2024020800800,500,zero,100,,,
Managu Seeds,managu-seeds,Managu Seeds,,,Grams,25,M2024020800801,69,zero,100,,,
Manure,manure,Manure,,category:poultry|company:njoroge|type:inputs,Sacks,100,M2024020800802,220,zero,100,,,
Marshal,marshal,Marshal,,category:others|company:juanco sps ltd|type:inputs,Grams,100,M2024020800803,360,zero,100,,,
Mashaalah Shop,mashaalah-shop,Mashaalah Shop,,category:vaccines|company:rams|type:inputs,Pieces,10,M2024020800804,30,zero,100,,,
Mastercop,mastercop,Mastercop,,,Ml,100,M2024020800805,361,zero,100,,,
Matchbox,matchbox,Matchbox,,,Pack,12,M2024020800806,5,zero,100,,,
Matco,matco,Matco,,category:fungicides|company:osho chemicals|type:inputs,Grams,250,M2024020800807,333,zero,100,,,
,,,,,Kg,1,M2024020800808,1247,zero,100,,,
Mathematical Tables,mathematical-tables,Mathematical Tables,,,Pieces,12,M2024020800809,400,zero,100,,,
Mavuno Fertilizers,mavuno-fertilizers,Mavuno Fertilizers,,category:fertilizers|company:mavuno|type:inputs,Kg,10,M2024020800810,50,zero,100,,,
Maxigrow Foliar,maxigrow-foliar,Maxigrow Foliar,,category:foliar|company:botachem industries|type:inputs,Grams,500,M2024020800811,750,zero,100,,,
,,,,,Litre,5,M2024020800812,3000,zero,100,,,
,,,,,Ml,200,M2024020800813,124,zero,100,,,
Maxigrow K,maxigrow-k,Maxigrow K,,category:plant growth booster|company:botachem industries|type:inputs,Litre,1,M2024020800814,470,zero,100,,,
,,,,,Ml,500,M2024020800815,260,zero,100,,,
Maxigrow K Foliar,maxigrow-k-foliar,Maxigrow K Foliar,,,Ml,100,M2024020800816,81,zero,100,,,
,,,,,Litre,1,M2024020800817,470,zero,100,,,
Maxigrow Kfoliar,maxigrow-kfoliar,Maxigrow Kfoliar,,,Ml,500,M2024020800818,247,zero,100,,,
Maxigrow N Foliar,maxigrow-n-foliar,Maxigrow N Foliar,,,Litre,1,M2024020800819,470,zero,100,,,
,,,,,Ml,500,M2024020800820,247,zero,100,,,
Maxigrow Zincboron,maxigrow-zincboron,Maxigrow Zincboron,,category:others|company:botachem|type:inputs,Litre,1,M2024020800821,836,zero,100,,,
Mazao Fertilizer,mazao-fertilizer,Mazao Fertilizer,,,Kg,50,M2024020800822,4500,zero,100,,,
Maziwa,maziwa,Maziwa,,category:salts|company:maxiphose enterprises|type:inputs,Kg,5,M2024020800823,400,zero,100,,,
Maziwa Block,maziwa-block,Maziwa Block,,category:livestock products|company:avivet|type:inputs,Kg,1,M2024020800824,110,zero,100,,,
Maziwa Plus,maziwa-plus,Maziwa Plus,,category:livestock products|company:bell industries ltd.|type:inputs,Kg,1,M2024020800825,70,zero,100,,,
Maziwa Pro,maziwa-pro,Maziwa Pro,,,Kg,2000,M2024020800826,200,zero,100,,,
Maziwa Topranch,maziwa-topranch,Maziwa Topranch,,,Kg,5,M2024020800827,350,zero,100,,,
Maziwa Yield Dairy Meal,maziwa-yield-dairy-meal,Maziwa Yield Dairy Meal,,,Kg,70,M2024020800828,2300,zero,100,,,
Maziwaplus,maziwaplus,Maziwaplus,,category:livestock products|company:belcare|type:inputs,Kg,5,M2024020800829,250,zero,100,,,
Mchwa King,mchwa-king,Mchwa King,,category:insecticides|company:eurochem international ltd|type:inputs,Ml,100,M2024020800830,200,zero,100,,,
Mea Dap,mea-dap,Mea Dap,,,Kg,25,M2024020800831,1850,zero,100,,,
Med_Oxy,med_oxy,Med_Oxy,,category:drugs|company:medina chemicals limited|type:inputs,Grams,25,M2024020800832,66,zero,100,,,
Medina White Block ,medina-white-block,Medina White Block ,,category:salts|company:medina chemicals ltd|type:inputs,Kg,1,M2024020800833,110,zero,100,,,
Meditrim Wdp,meditrim-wdp,Meditrim Wdp,,,Grams,25,M2024020800834,55,zero,100,,,
Megavac 6,megavac-6,Megavac 6,,category:livestock products|company:indian immunological limited|type:inputs,Ml,1,M2024020800835,397,zero,100,,,
Methogun,methogun,Methogun,,,Grams,100,M2024020800836,320,zero,100,,,
Metholing,metholing,Metholing,,category:pest & disease control|company:mutuchem|type:inputs,Grams,100,M2024020800837,300,zero,100,,,
Metrocycline,metrocycline,Metrocycline,,category:drugs|company:hightech pharmaceutical|type:inputs,Grams,25,M2024020800838,105,zero,100,,,
Metrocycline Eye Wound Powder 2,metrocycline-eye-wound-powder-2,Metrocycline Eye Wound Powder 2,,category:livestock products|company:hightech pharmaceuticals.|type:inputs,Grams,25,M2024020800839,101,zero,100,,,
Metrocyline E Powder,metrocyline-e-powder,Metrocyline E Powder,,category:drugs|company:metrovet|type:inputs,Grams,25,M2024020800840,101,zero,100,,,
Metroycycline Soluble,metroycycline-soluble,Metroycycline Soluble,,category:poultry|company:hightech pharmaceutical &research ltd|type:inputs,Grams,25,M2024020800841,150,zero,100,,,
Michelle,michelle,Michelle,,,Grams,25,M2024020800842,1260,zero,100,,,
Microp,microp,Microp,,,Others,10,M2024020800843,3200,zero,100,,,
,,,,,Kg,50,M2024020800844,4300,zero,100,,,
Microp Chapa Meli,microp-chapa-meli,Microp Chapa Meli,,,Kg,50,M2024020800845,4800,zero,100,,,
Microp Planting,microp-planting,Microp Planting,,,Kg,50,M2024020800846,3000,zero,100,,,
Microp Topdressing,microp-topdressing,Microp Topdressing,,,Kg,25,M2024020800847,2800,zero,100,,,
Mila,mila,Mila,,category:seeds|company:safari seeds|type:inputs,Grams,10,M2024020800848,550,zero,100,,,
Milk,milk,Milk,,category:others|company:jomu|type:inputs,Litre,10,M2024020800849,65,zero,100,,,
Milk Block,milk-block,Milk Block,,category:livestock products|company:vetpro|type:inputs,Pieces,3,M2024020800850,230,zero,100,,,
,,,,,Kg,3,M2024020800851,330,zero,100,,,
Milk Salve,milk-salve,Milk Salve,,,Grams,100,M2024020800852,70,zero,100,,,
Milking Cailve,milking-cailve,Milking Cailve,,category:livestock products|company:cooper k-brands ltd.|type:inputs,Others,250,M2024020800853,205,zero,100,,,
Milrax,milrax,Milrax,,,Kg,1,M2024020800854,1800,zero,100,,,
,,,,,Grams,40,M2024020800855,160,zero,100,,,
Milraz,milraz,Milraz,,category:fungicides|company:bayer|type:inputs,Grams,1,M2024020800856,1300,zero,100,,,
,,,,,Kg,1,M2024020800857,1800,zero,100,,,
Milthane,milthane,Milthane,,,Kg,1,M2024020800858,630,zero,100,,,
,,,,,Grams,200,M2024020800859,175,zero,100,,,
Mine Lick,mine-lick,Mine Lick,,category:livestock products|company:nutrilix ltd|type:inputs,Kg,5,M2024020800860,400,zero,100,,,
Mineral Block,mineral-block,Mineral Block,,category:livestock products|company:gns company|type:inputs,Kg,1,M2024020800861,68,zero,100,,,
Missell,missell,Missell,,category:pest & disease control|company:agrichem africa limited|type:inputs,Grams,10,M2024020800862,250,zero,100,,,
Mistres,mistres,Mistres,,,Kg,1,M2024020800863,1166,zero,100,,,
,,,,,Grams,500,M2024020800864,630,zero,100,,,
Mistress,mistress,Mistress,,,Kg,1,M2024020800865,1166,zero,100,,,
,,,,,Grams,500,M2024020800866,650,zero,100,,,
,,,,,Others,72,M2024020800867,250,zero,100,,,
Mithane Super,mithane-super,Mithane Super,,,Grams,50,M2024020800868,55,zero,100,,,
,,,,,Kg,1,M2024020800869,665,zero,100,,,
Molaplus,molaplus,Molaplus,,category:livestock products|company:molaplus|type:inputs,Kg,1,M2024020800870,130,zero,100,,,
Molaplus Super,molaplus-super,Molaplus Super,,,Kg,2,M2024020800871,280,zero,100,,,
Molases,molases,Molases,,,Litre,5,M2024020800872,220,zero,100,,,
,,,,,Kg,10,M2024020800873,330,zero,100,,,
Mollases,mollases,Mollases,,,Litre,20,M2024020800874,550,zero,100,,,
Morendat ,morendat,Morendat ,,category:salts|company:n.k vet supplies|type:inputs,Kg,10,M2024020800875,500,zero,100,,,
Morendat Dairy,morendat-dairy,Morendat Dairy,,,Kg,1,M2024020800876,110,zero,100,,,
Morendat Nyama,morendat-nyama,Morendat Nyama,,category:livestock products|company:ckl africa|type:inputs,Kg,5,M2024020800877,280,zero,100,,,
Mostraz,mostraz,Mostraz,,,Ml,40,M2024020800878,108,zero,100,,,
Mostraz Dip,mostraz-dip,Mostraz Dip,,,Ml,50,M2024020800879,95,zero,100,,,
Moto,moto,Moto,,category:herbicide|company:osho chemicals|type:inputs,Grams,100,M2024020800880,446,zero,100,,,
,,,,,Kg,1,M2024020800881,1400,zero,100,,,
Motor,motor,Motor,,category:others|company:best hatch incubators|type:inputs,Pieces,1,M2024020800882,3300,zero,100,,,
Mr Bean Plus,mr-bean-plus,Mr Bean Plus,,,Ml,500,M2024020800883,725,zero,100,,,
,,,,,Litre,1,M2024020800884,1375,zero,100,,,
Mr.Bean Plus,mr.bean-plus,Mr.Bean Plus,,,Litre,1,M2024020800885,1500,zero,100,,,
,,,,,Ml,500,M2024020800886,800,zero,100,,,
Msingi,msingi,Msingi,,category:fertilizers|company:baraka toyota|type:inputs,Kg,50,M2024020800887,5200,zero,100,,,
Multi Hai,multi-hai,Multi Hai,,category:foliar|company:hai organizers plus|type:inputs,Ml,200,M2024020800888,90,zero,100,,,
Multi Npk,multi-npk,Multi Npk,,category:foliar|company:amiran (k) ltd|type:inputs,Grams,250,M2024020800889,300,zero,100,,,
,,,,,Litre,1,M2024020800890,8000,zero,100,,,
Multinor (Jubaili),multinor-(jubaili),Multinor (Jubaili),,category:livestock products|company:hebei hope harmony pharmaceutical.|type:inputs,Ml,50,M2024020800891,95,zero,100,,,
Multinpk,multinpk,Multinpk,,category:fertilizers|company:amiran (k) ltd|type:inputs,Kg,1,M2024020800892,250,zero,100,,,
Multipurpose Jiko,multipurpose-jiko,Multipurpose Jiko,,,Pieces,1,M2024020800893,900,zero,100,,,
Multivitamin,multivitamin,Multivitamin,,,Ml,100,M2024020800894,170,zero,100,,,
Multivitamin Injection,multivitamin-injection,Multivitamin Injection,,,Ml,100,M2024020800895,200,zero,100,,,
Multivitamin Powder,multivitamin-powder,Multivitamin Powder,,,Grams,100,M2024020800896,50,zero,100,,,
Multvitamin Injection,multvitamin-injection,Multvitamin Injection,,category:livestock products|company:medina|type:inputs,Ml,50,M2024020800897,120,zero,100,,,
Murphy,murphy,Murphy,,category:foliar|company:murphy chemicals industry|type:inputs,Kg,1,M2024020800898,500,zero,100,,,
Murphy Foliar,murphy-foliar,Murphy Foliar,,category:foliar|company:mur|type:inputs,Grams,200,M2024020800899,100,zero,100,,,
,,,,,Kg,1,M2024020800900,450,zero,100,,,
Murtano Supper,murtano-supper,Murtano Supper,,,Grams,10,M2024020800901,80,zero,100,,,
Mwamba Super Cluste,mwamba-super-cluste,Mwamba Super Cluste,,category:others|company:munyambu agrovet|type:inputs,Others,12,M2024020800902,150,zero,100,,,
N/Milk Salve.,n/milk-salve.,N/Milk Salve.,,category:livestock products|company:farmers world ltd|type:inputs,Grams,250,N2024020800903,657,zero,100,,,
N/Milking Salve.,n/milking-salve.,N/Milking Salve.,,,Grams,125,N2024020800904,99,zero,100,,,
N26,n26,N26,,,Kg,2,N2024020800905,485,zero,100,,,
Nails,nails,Nails,https://m.media-amazon.com/images/I/61xumms8DML.jpg,category:others|company:natuntun farmers organisation|type:inputs,Kg,5,N2024020800906,250,zero,100,,,
Nantes Royal,nantes-royal,Nantes Royal,,category:seedlings|company:royal seed|type:inputs,Grams,100,N2024020800907,360,zero,100,,,
Nativo,nativo,Nativo,https://5.imimg.com/data5/SELLER/Default/2022/5/XO/ZR/KX/62105174/bayer-nativo-fungicide-500x500.jpg,,Ml,100,N2024020800908,751,zero,100,,,
Ndume Hermetic,ndume-hermetic,Ndume Hermetic,https://www.bellindustrieskenya.com/wp-content/uploads/2015/07/33.jpg,category:sacks|company:ultravetis|type:inputs,Sacks,10,N2024020800909,200,zero,100,,,
Nemarid,nemarid,Nemarid,https://atlantislife.co.ke/wp-content/uploads/2023/09/nemarid-with-cobalt-1.jpg,category:poultry|company:altalatis|type:inputs,Ml,135,N2024020800910,175,zero,100,,,
Nemarid Plus ,nemarid-plus,Nemarid Plus ,,category:drugs|company:atlantis life science|type:inputs,Litre,1,N2024020800911,845,zero,100,,,
Nemarid Super ,nemarid-super,Nemarid Super ,,,Litre,1,N2024020800912,962,zero,100,,,
Nemazole ,nemazole,Nemazole ,,category:pest & disease control|company:unga limited|type:inputs,Ml,120,N2024020800913,105,zero,100,,,
Nemesis,nemesis,Nemesis,,category:herbicide|company:elgon (k) ltd.|type:inputs,Litre,1,N2024020800914,700,zero,100,,,
Neocidal,neocidal,Neocidal,,,Ml,20,N2024020800915,100,zero,100,,,
Neocidol,neocidol,Neocidol,,category:pest & disease control|company:ultravetis|type:inputs,Ml,25,N2024020800916,90,zero,100,,,
Nerifluke ,nerifluke,Nerifluke ,,,Litre,1,N2024020800917,1450,zero,100,,,
Nerix Layer ,nerix-layer,Nerix Layer,,category:poultry|company:medina chemicals ltd|type:inputs,Grams,25,N2024020800918,50,zero,100,,,
New Milking Salve,new-milking-salve,New Milking Salve,,category:milking equipment|company:coopers kenya ltd|type:inputs,Grams,100,N2024020800919,101,zero,100,,,
Newcastle,newcastle,Newcastle,,category:others|company:lativa|type:inputs,. Ml,0,N2024020800920,250,zero,100,,,
Newcastle Vaccination,newcastle-vaccination,Newcastle Vaccination,,,Ml,10,N2024020800921,350,zero,100,,,
Newcastle+Infectious Bronchitis Vaccine,newcastle+infectious-bronchitis-vaccine,Newcastle+Infectious Bronchitis Vaccine,,,Ml,200,N2024020800922,450,zero,100,,,
Ng'Ombe Mix Nyama,ng'ombe-mix-nyama,Ng'Ombe Mix Nyama,,category:livestock products|company:unga feeds|type:inputs,Kg,5,N2024020800923,280,zero,100,,,
Ng'Ombe Nyama,ng'ombe-nyama,Ng'Ombe Nyama,,category:livestock products|company:ng'ombe feeds industry|type:inputs,Kg,1,N2024020800924,70,zero,100,,,
Nilizan Plus,nilizan-plus,Nilizan Plus,,,Litre,1,N2024020800925,1355,zero,100,,,
Nilizan Super,nilizan-super,Nilizan Super,,,Ml,150,N2024020800926,218,zero,100,,,
Nilzan Plus,nilzan-plus,Nilzan Plus,,,Ml,125,N2024020800927,202,zero,100,,,
,,,,,Litre,1,N2024020800928,2200,zero,100,,,
,,,,,Kg,2,N2024020800929,6,zero,100,,,
,,,,,Litre,1,N2024020800930,218,zero,100,,,
,,,,,Ml,125,N2024020800931,225,zero,100,,,
Nilzan Plus.,nilzan-plus.,Nilzan Plus.,,,Ml,125,N2024020800932,212,zero,100,,,
Nilzan Super,nilzan-super,Nilzan Super,,,Ml,500,N2024020800933,1138,zero,100,,,
Nilzan Super.,nilzan-super.,Nilzan Super.,,,Ml,125,N2024020800934,314,zero,100,,,
Nitrabor,nitrabor,Nitrabor,,category:top dressing|company:yara|type:inputs,Kg,25,N2024020800935,1550,zero,100,,,
Norbrook Milk Salve.,norbrook-milk-salve.,Norbrook Milk Salve.,,,Grams,250,N2024020800936,145,zero,100,,,
Normal Bags,normal-bags,Normal Bags,,category:sacks|company:farmers center|type:inputs,Bags,100,N2024020800937,26,zero,100,,,
Noromectin,noromectin,Noromectin,,,Ml,100,N2024020800938,817,zero,100,,,
Norotraz,norotraz,Norotraz,,,Ml,40,N2024020800939,100,zero,100,,,
Nortix,nortix,Nortix,,category:livestock products|company:kenagro supplies ltd|type:inputs,Ml,20,N2024020800940,100,zero,100,,,
Notix,notix,Notix,,,Ml,20,N2024020800941,150,zero,100,,,
Nova Dust,nova-dust,Nova Dust,,,Kg,25,N2024020800942,1600,zero,100,,,
,,,,,Kg,1,N2024020800943,10,zero,100,,,
Novax,novax,Novax,,category:foliar|company:nova|type:inputs,Litre,5,N2024020800944,320,zero,100,,,
Novax Foliar,novax-foliar,Novax Foliar,,category:fertilizers|company:nova ltd|type:inputs,Litre,5,N2024020800945,270,zero,100,,,
,,,,,Ml,500,N2024020800946,55,zero,100,,,
Novax Foliar ,novax-foliar,Novax Foliar ,,,Litre,1,N2024020800947,95,zero,100,,,
Novidium,novidium,Novidium,,category:others|company:merial|type:inputs,Others,1,N2024020800948,60,zero,100,,,
Npk Fertilizer,npk-fertilizer,Npk Fertilizer,,,Kg,50,N2024020800949,4900,zero,100,,,
Npk Foliar,npk-foliar,Npk Foliar,,,Litre,1,N2024020800950,1200,zero,100,,,
Nyama Max,nyama-max,Nyama Max,,,Kg,5,N2024020800951,255,zero,100,,,
Nyota Beans,nyota-beans,Nyota Beans,,,Kg,24,N2024020800952,460,zero,100,,,
Ocp,ocp,Ocp,,category:fertilizers|company:ocp|type:inputs,Kg,50,O2024020800953,4950,zero,100,,,
Okra Pusa,okra-pusa,Okra Pusa,https://storage.googleapis.com/ezyagric-media/images/Okra%20Pusa%20sawani-compressed.jpg,,Grams,10,O2024020800954,45,zero,100,,,
Okra Seeds,okra-seeds,Okra Seeds,https://4.imimg.com/data4/UK/DG/MY-5933357/okra-seed.png,category:seeds|company:na|type:inputs,Grams,500,O2024020800955,3,zero,100,,,
Omena,omena,Omena,https://outofafricamarket.com/cdn/shop/products/5_71392278-a58b-4d31-b10e-015ba15de6e9.jpg?v=1679020727&width=1445,category:fish|company:mary|type:inputs,Kg,20,O2024020800956,2000,zero,100,,,
Omex Foliar,omex-foliar,Omex Foliar,https://agroex.com.ua/wp-content/uploads/2018/02/omex2.jpg,category:foliar|company:omex|type:inputs,Ml,100,O2024020800957,115,zero,100,,,
,,,,,Grams,250,O2024020800958,350,zero,100,,,
Omni Advance K,omni-advance-k,Omni Advance K,,,Grams,25,O2024020800959,130,zero,100,,,
Omni Even,omni-even,Omni Even,,,Grams,250,O2024020800960,130,zero,100,,,
Onion,onion,Onion,https://m.media-amazon.com/images/I/41Pi5dfvOoL.jpg,category:seeds|company:royal sed|type:inputs,Grams,25,O2024020800961,180,zero,100,,,
Onion Seeds,onion-seeds,Onion Seeds,,,Grams,250,O2024020800962,1350,zero,100,,,
Optimizer,optimizer,Optimizer,,,Ml,100,O2024020800963,200,zero,100,,,
Oramectin 1Ltr,oramectin-1ltr,Oramectin 1Ltr,,,Litre,1,O2024020800964,750,zero,100,,,
Organic Biochar,organic-biochar,Organic Biochar,,category:others|company:g75rabbitti farm|type:inputs,Litre,20,O2024020800965,2400,zero,100,,,
Organic Fertiliser,organic-fertiliser,Organic Fertiliser,,category:fertilizers|company:farm star|type:inputs,Bags,50,O2024020800966,1500,zero,100,,,
Organic Folirar,organic-folirar,Organic Folirar,,category:foliar|company:george farm|type:inputs,Litre,1,O2024020800967,150,zero,100,,,
Orizon,Aquawet Sticker,orizon,aquawet-sticker,Orizon,Aquawet Sticker,,,Ml,100,O2024020800968,500,zero,100,,,
Orthene,orthene,Orthene,,,Grams,50,O2024020800969,181,zero,100,,,
Ortiva,ortiva,Ortiva,,,Ml,20,O2024020800970,175,zero,100,,,
Ortran,ortran,Ortran,,,Grams,100,O2024020800971,250,zero,100,,,
Osefin,osefin,Osefin,,,Grams,200,O2024020800972,96,zero,100,,,
Oshothane,oshothane,Oshothane,,,Grams,500,O2024020800973,335,zero,100,,,
,,,,,Pieces,50,O2024020800974,75,zero,100,,,
,,,,,Kg,1,O2024020800975,565,zero,100,,,
Oshothen,oshothen,Oshothen,,,Grams,500,O2024020800976,450,zero,100,,,
Oshothion,oshothion,Oshothion,,,Ml,500,O2024020800977,420,zero,100,,,
,,,,,Litre,1,O2024020800978,740,zero,100,,,
Oshothione,oshothione,Oshothione,,,Ml,50,O2024020800979,56,zero,100,,,
Otimazer,otimazer,Otimazer,,,Litre,100,O2024020800980,300,zero,100,,,
Ovados,ovados,Ovados,,category:insecticides|company:truvet|type:inputs,Pieces,100,O2024020800981,540,zero,100,,,
Oxford Dictionary,oxford-dictionary,Oxford Dictionary,,,Pieces,12,O2024020800982,2000,zero,100,,,
Oxita Spray,oxita-spray,Oxita Spray,,category:livestock products|company:biopharma|type:inputs,Grams,170,O2024020800983,330,zero,100,,,
,,,,,Ml,500,O2024020800984,330,zero,100,,,
Oxmet,oxmet,Oxmet,,,Ml,12,O2024020800985,95,zero,100,,,
Oxtetra 10%,oxtetra-10%,Oxtetra 10%,,,Ml,50,O2024020800986,110,zero,100,,,
Oxylife,oxylife,Oxylife,,category:pest & disease control|company:oxylife|type:inputs,Ml,100,O2024020800987,140,zero,100,,,
Oxymet,oxymet,Oxymet,,,Ml,250,O2024020800988,330,zero,100,,,
Oxymet 20% La,oxymet-20%-la,Oxymet 20% La,,category:livestock products|company:metrovet k.ltd|type:inputs,Ml,100,O2024020800989,220,zero,100,,,
Oxyvet,oxyvet,Oxyvet,,category:livestock products|company:metrovet|type:inputs,Ml,50,O2024020800990,95,zero,100,,,
Packed Rice,packed-rice,Packed Rice,https://rukminim2.flixcart.com/image/850/1000/k9stjm80/rice/z/u/7/1-white-premium-quntity-food-rice-pack-of-1-total-1kg-basmati-original-imafrghvszzs8gbh.jpeg?q=20,,Kg,1,P2024020800991,400,zero,100,,,
Pana 4 19 M,pana-4-19-m,Pana 4 19 M,,category:seeds|company:pana|type:inputs,Kg,2,P2024020800992,480,zero,100,,,
Panga 360Sl,panga-360sl,Panga 360Sl,,category:herbicide|company:amiran kenya ltd|type:inputs,Ml,500,P2024020800993,380,zero,100,,,
Panga(Machete),panga(machete),Panga(Machete),https://steelrivercompany.com/cdn/shop/products/steel-river-panga-machete-steel-river-co-12804605968428_550x.jpg,,Others,1,P2024020800994,200,zero,100,,,
Pannar Maize,pannar-maize,Pannar Maize,https://famunera-assets.s3.amazonaws.com/uploads/70216e7ad45279670f091486552a1a26.jpg,category:seeds|company:pannar ltd|type:inputs,Kg,2,P2024020800995,660,zero,100,,,
Parafin ,parafin,Parafin ,https://www.frank-key.co.uk/image/cache/catalog/products/GAP-1702008006-GA-P-a-320x320.jpg,category:poultry|company:pecolchem|type:inputs,Ml,100,P2024020800996,60,zero,100,,,
Parastar,parastar,Parastar,,,Pieces,200,P2024020800997,200,zero,100,,,
,,,,,Ml,200,P2024020800998,200,zero,100,,,
,,,,,Litre,1,P2024020800999,810,zero,100,,,
Parastar 200 Sl,parastar-200-sl,Parastar 200 Sl,,,Litre,1,P2024020801000,750,zero,100,,,
Partner,partner,Partner,,,Litre,1,P2024020801001,700,zero,100,,,
Passion Fruit,passion-fruit,Passion Fruit,,category:seedlings|company:g smart farm|type:inputs,Pieces,100,P2024020801002,296,zero,100,,,
Patato,patato,Patato,,category:others|company:famer|type:inputs,Kg,50,P2024020801003,500,zero,100,,,
Pe Rope,pe-rope,Pe Rope,,,Pieces,12,P2024020801004,800,zero,100,,,
Peas Summer Wood,peas-summer-wood,Peas Summer Wood,,,Kg,1,P2024020801005,660,zero,100,,,
Pellet,pellet,Pellet,,category:livestock products|company:hakia|type:inputs,Kg,10,P2024020801006,410,zero,100,,,
Pembe Dairy Meal,pembe-dairy-meal,Pembe Dairy Meal ,,category:feeds|company:shawa stores ltd|type:inputs,Kg,50,P2024020801007,2400,zero,100,,,
Pembe Layers,pembe-layers,Pembe Layers,,,Kg,50,P2024020801008,3350,zero,100,,,
Pen,pen,Pen,,category:poultry|company:intercheim werken|type:inputs,Ml,100,P2024020801009,465,zero,100,,,
Pencil,pencil,Pencil,,category:others|company:hb|type:inputs,Pieces,12,P2024020801010,50,zero,100,,,
Penicillin,penicillin,Penicillin,,,Ml,100,P2024020801011,800,zero,100,,,
Penistrep,penistrep,Penistrep,,,Ml,50,P2024020801012,200,zero,100,,,
Penstrep,penstrep,Penstrep,,category:livestock products|company:medina chemicals|type:inputs,Pieces,50,P2024020801013,230,zero,100,,,
Penstrep (Elgon),penstrep-(elgon),Penstrep (Elgon),,category:livestock products|company:intercheim|type:inputs,Ml,50,P2024020801014,274,zero,100,,,
Penstrep(Elgon),penstrep(elgon),Penstrep(Elgon),,category:livestock products|company:intercheim werken|type:inputs,Ml,100,P2024020801015,465,zero,100,,,
Pentagon,pentagon,Pentagon,,,Ml,100,P2024020801016,175,zero,100,,,
Pervection,pervection,Pervection,,,Ml,100,P2024020801017,2350,zero,100,,,
Pesticide,pesticide,Pesticide,,,Ml,1,P2024020801018,2100,zero,100,,,
,,,,,Grams,250,P2024020801019,300,zero,100,,,
Pesticides,pesticides,Pesticides,,category:insecticides|company:jm|type:inputs,Litre,1,P2024020801020,850,zero,100,,,
Pig Concentrates,pig-concentrates,Pig Concentrates,,category:livestock products|company:nuscience|type:inputs,Kg,50,P2024020801021,6000,zero,100,,,
Pig Feeds,pig-feeds,Pig Feeds,,category:livestock products|company:kenton dairy limited|type:inputs,Kg,50,P2024020801022,2200,zero,100,,,
Pig Finisher,pig-finisher,Pig Finisher,,,Kg,10,P2024020801023,270,zero,100,,,
Pig Food,pig-food,Pig Food,,,Bags,10,P2024020801024,200,zero,100,,,
Pink Eye,pink-eye,Pink Eye,,category:pest & disease control|company:aestetic|type:inputs,Grams,25,P2024020801025,120,zero,100,,,
Pink Eye Powder,pink-eye-powder,Pink Eye Powder,,category:livestock products|company:aesthetics ltd|type:inputs,Grams,25,P2024020801026,102,zero,100,,,
Pioneer Maize,pioneer-maize,Pioneer Maize,,category:seeds|company:corteva agriscience|type:inputs,Kg,2,P2024020801027,500,zero,100,,,
Pipes,pipes,Pipes,,category:feeders|company:gsuppliers|type:inputs,Pieces,20,P2024020801028,100,zero,100,,,
Planting Nets,planting-nets,Planting Nets,,category:others|company:mois irrigation|type:inputs,Sacks,3,P2024020801029,983,zero,100,,,
Planting Trays,planting-trays,Planting Trays,,category:others|company:finetouch irrigation africa limited eldoret|type:inputs,Pieces,3,P2024020801030,95,zero,100,,,
Plantone,plantone,Plantone,,,Ml,30,P2024020801031,140,zero,100,,,
Plates,plates,Plates,,,Pieces,12,P2024020801032,39,zero,100,,,
Plounging Kisu,plounging-kisu,Plounging Kisu,,category:others|company:local|type:inputs,Pieces,1,P2024020801033,200,zero,100,,,
Poltricin,poltricin,Poltricin,,category:poultry|company:aplhavet|type:inputs,Grams,25,P2024020801034,58,zero,100,,,
Polythene Bugs,polythene-bugs,Polythene Bugs,,category:sacks|company:kengo print and packages|type:inputs,Trays,250,P2024020801035,250,zero,100,,,
,,,,,Sacks,300,P2024020801036,75,zero,100,,,
Pota K,pota-k,Pota K,,category:fertilizers|company:kenagro supplies ltd|type:inputs,Litre,1,P2024020801037,1520,zero,100,,,
Potasun,potasun,Potasun,,,Ml,500,P2024020801038,800,zero,100,,,
,,,,,Litre,1,P2024020801039,1550,zero,100,,,
Potato Certified Seeds,potato-certified-seeds,Potato Certified Seeds,,category:seeds|company:clafam ltd|type:inputs,Kg,50,P2024020801040,3000,zero,100,,,
,,,,,Bags,1,P2024020801041,2700,zero,100,,,
Potato Seed,potato-seed,Potato Seed,,category:sacks|company:philip sigei enterprise|type:inputs,Kg,50,P2024020801042,50,zero,100,,,
Potato Seeds,potato-seeds,Potato Seeds,,category:seeds|company:farmer|type:inputs,Kg,70,P2024020801043,2500,zero,100,,,
Potatoes,potatoes,Potatoes,,category:seeds|company:agrico ea|type:inputs,Bags,50,P2024020801044,2700,zero,100,,,
Potatoes Seeds,potatoes-seeds,Potatoes Seeds,,,Kg,50,P2024020801045,3200,zero,100,,,
Poulpoultry Feeds,poulpoultry-feeds,Poulpoultry Feeds,,category:poultry|company:faida feeds|type:inputs,Kg,20,P2024020801046,980,zero,100,,,
Poultry Chicks,poultry-chicks,Poultry Chicks,,category:poultry|company:ken chick|type:inputs,Pieces,20,P2024020801047,170,zero,100,,,
Poultry Dust,poultry-dust,Poultry Dust,,category:others|company:aok|type:inputs,Grams,200,P2024020801048,100,zero,100,,,
Poultry Feed,poultry-feed,Poultry Feed,,category:poultry|company:riosiri agrovet|type:inputs,Tins,50,P2024020801049,800,zero,100,,,
Poultry Feeds,poultry-feeds,Poultry Feeds,,category:feeds|company:wakulima|type:inputs,Kg,50,P2024020801050,3700,zero,100,,,
Powderly Midery,powderly-midery,Powderly Midery,,,Ml,100,P2024020801051,720,zero,100,,,
Power,power,Power,,,Bags,50,P2024020801052,3500,zero,100,,,
,,,,,Ml,500,P2024020801053,65,zero,100,,,
Pradoceto,pradoceto,Pradoceto,,category:pest & disease control|company:eurochem|type:inputs,Ml,100,P2024020801054,250,zero,100,,,
Premierlick,premierlick,Premierlick,,category:livestock products|company:animix limited|type:inputs,Kg,1,P2024020801055,155,zero,100,,,
Presento,presento,Presento,,,Grams,20,P2024020801056,90,zero,100,,,
Preshaur,preshaur,Preshaur,,,Ml,50,P2024020801057,400,zero,100,,,
President Gold,president-gold,President Gold,,,Grams,100,P2024020801058,133,zero,100,,,
Primagram Gold,primagram-gold,Primagram Gold,,,Litre,1,P2024020801059,1400,zero,100,,,
Profen,profen,Profen,,,Ml,50,P2024020801060,260,zero,100,,,
Proffen,proffen,Proffen,,,Ml,100,P2024020801061,466,zero,100,,,
Profile,profile,Profile,,,Ml,100,P2024020801062,200,zero,100,,,
,,,,,Litre,100,P2024020801063,200,zero,100,,,
Prosaro,prosaro,Prosaro,,,Litre,5,P2024020801064,22000,zero,100,,,
Prosper,prosper,Prosper,,,Litre,1,P2024020801065,2400,zero,100,,,
,,,,,Ml,250,P2024020801066,504,zero,100,,,
Puma Super Ec 153,puma-super-ec-153,Puma Super Ec 153,,,Grams,500,P2024020801067,800,zero,100,,,
Pyrethrum Dust,pyrethrum-dust,Pyrethrum Dust,,category:others|company:pyrethrum board of kenya|type:inputs,Kg,50,P2024020801068,500,zero,100,,,
Rabbitt Follia,rabbitt-follia,Rabbitt Follia,,category:plant growth booster|company:g75rabbitti farm|type:inputs,Litre,20,R2024020801069,250,zero,100,,,
Raksharab Vaccine,raksharab-vaccine,Raksharab Vaccine,https://dukaan.b-cdn.net/1000x1000/webp/250901/fc5c8ddb-f3be-4c1d-bb3b-3ac5f578cf0b.png,,Ml,1,R2024020801070,86,zero,100,,,
Ram Stocklick,ram-stocklick,Ram Stocklick,,,Kg,10,R2024020801071,165,zero,100,,,
Range Block ,range-block,Range Block ,https://d2dz5gposoi2o6.cloudfront.net/ecom/prod/item_images/f/b/8/e/fb8e4f6f7035c5a96bfb620d156dbaef9ee9511d_4671122.jpg,category:salts|company:kapja agroventures limited|type:inputs,Kg,2,R2024020801072,150,zero,100,,,
Range Hp Bucket,range-hp-bucket,Range Hp Bucket,,,Kg,5,R2024020801073,350,zero,100,,,
Ranger,ranger,Ranger,,,Ml,100,R2024020801074,160,zero,100,,,
Ranson,ranson,Ranson,,,Grams,100,R2024020801075,315,zero,100,,,
Red Creole ,red-creole,Red Creole,https://www.myseeds.co/cdn/shop/products/new2_d56a697e-6472-439e-9f83-b1484bbbfa7f_1024x1024.jpg?v=1621763072,,Grams,2,R2024020801076,32,zero,100,,,
Redcat,redcat,Redcat,,category:herbicide|company:dera chemicals ltd|type:inputs,Grams,15,R2024020801077,15,zero,100,,,
Redcreole Onion,redcreole-onion,Redcreole Onion,https://www.myseeds.co/cdn/shop/products/new2_d56a697e-6472-439e-9f83-b1484bbbfa7f_1024x1024.jpg?v=1621763072,,Grams,50,R2024020801078,1295,zero,100,,,
Redomil,redomil,Redomil,https://5.imimg.com/data5/IOS/Default/2022/9/BS/AV/SR/143655691/product-jpeg.png,,Kg,1,R2024020801079,1830,zero,100,,,
Reva Block,reva-block,Reva Block,,category:livestock products|company:jojeni suppliers|type:inputs,Kg,5,R2024020801080,400,zero,100,,,
Reva Block Stocklick,reva-block-stocklick,Reva Block Stocklick,,,Kg,3,R2024020801081,220,zero,100,,,
Revus,revus,Revus,,,Ml,100,R2024020801082,600,zero,100,,,
Rice,rice,Rice,,,Kg,25,R2024020801083,100,zero,100,,,
Ridomil,ridomil,Ridomil,,,Kg,1,R2024020801084,1830,zero,100,,,
,,,,,Pieces,50,R2024020801085,140,zero,100,,,
,,,,,Grams,250,R2024020801086,600,zero,100,,,
,,,,,Litre,1,R2024020801087,4200,zero,100,,,
Ridomil Gold,ridomil-gold,Ridomil Gold,,,Grams,50,R2024020801088,125,zero,100,,,
,,,,,Kg,1,R2024020801089,1850,zero,100,,,
Ridout,ridout,Ridout,,category:herbicide|company:rainbow|type:inputs,Litre,1,R2024020801090,650,zero,100,,,
,,,,,Ml,250,R2024020801091,200,zero,100,,,
Riigrande Safaris,riigrande-safaris,Riigrande Safaris,,category:seeds|company:safaris|type:inputs,Grams,50,R2024020801092,850,zero,100,,,
Rindomil Gold,rindomil-gold,Rindomil Gold,,,Grams,50,R2024020801093,125,zero,100,,,
Rio Grande,rio-grande,Rio Grande,,,Grams,50,R2024020801094,550,zero,100,,,
Rio Grande Safaris,rio-grande-safaris,Rio Grande Safaris,,,Grams,10,R2024020801095,175,zero,100,,,
Rio Onex,rio-onex,Rio Onex,,category:seedlings|company:continental seeds|type:inputs,Grams,100,R2024020801096,1385,zero,100,,,
Rodazim,rodazim,Rodazim,,category:pest & disease control|company:rotam|type:inputs,Ml,100,R2024020801097,248,zero,100,,,
Rodirid,rodirid,Rodirid,,category:others|company:atlantis hoshin medical|type:inputs,Grams,10,R2024020801098,20,zero,100,,,
Romectin,romectin,Romectin,,,Litre,1,R2024020801099,3655,zero,100,,,
,,,,,Ml,250,R2024020801100,1087,zero,100,,,
Rootex,rootex,Rootex,,,Grams,50,R2024020801101,500,zero,100,,,
Ropes,ropes,Ropes,,category:others|company:boma|type:inputs,Pieces,10,R2024020801102,25,zero,100,,,
Roroecetin,roroecetin,Roroecetin,,,Ml,50,R2024020801103,303,zero,100,,,
Rosasol K,rosasol-k,Rosasol K,,category:foliar|company:twiga chemical industries ltd.|type:inputs,Kg,1,R2024020801104,360,zero,100,,,
Rosasol N,rosasol-n,Rosasol N,,,Kg,1,R2024020801105,352,zero,100,,,
Rososal Even,rososal-even,Rososal Even,,category:foliar|company:twiga chemicals industrial|type:inputs,Kg,1,R2024020801106,365,zero,100,,,
Round Up,round-up,Round Up,,,Litre,1,R2024020801107,900,zero,100,,,
Roundup,roundup,Roundup,,,Litre,1,R2024020801108,800,zero,100,,,
Royal Stocklick,royal-stocklick,Royal Stocklick,,,Kg,1,R2024020801109,24,zero,100,,,
Rubber Ring,rubber-ring,Rubber Ring,,category:livestock products|company:nobrook|type:inputs,Pieces,1,R2024020801110,10,zero,100,,,
Rubber Rings,rubber-rings,Rubber Rings,,category:other|company:palvet|type:inputs,Pieces,100,R2024020801111,4,zero,100,,,
S Dime Bolus,s-dime-bolus,S Dime Bolus,https://i0.wp.com/www.erampharmacueticals.com/wp-content/uploads/2020/03/IMG_9575.jpg?fit=235%2C298&ssl=1,category:livestock products|company:cosmos limited|type:inputs,Pieces,1,S2024020801112,28,zero,100,,,
S Dime Tab,s-dime-tab,S Dime Tab,https://i0.wp.com/www.erampharmacueticals.com/wp-content/uploads/2020/03/IMG_9575.jpg?fit=235%2C298&ssl=1,,Pieces,20,S2024020801113,26,zero,100,,,
Sack,sack,Sack,https://m.media-amazon.com/images/I/71u0N3CefML._AC_UF1000,1000_QL80_.jpg,category:sacks|company:magnetic (k) ltd|type:inputs,Pieces,10,S2024020801114,25,zero,100,,,
Sacks,sacks,Sacks,https://m.media-amazon.com/images/I/51eGUZnmAAL._AC_UF894,1000_QL80_.jpg,category:hermetic|company:agro z|type:inputs,Pieces,200,S2024020801115,200,zero,100,,,
,,,,,Kg,100,S2024020801116,200,zero,100,,,
Safari Collard,safari-collard,Safari Collard,,category:seedlings|company:safari seeds|type:inputs,Grams,50,S2024020801117,115,zero,100,,,
Saga,saga,Saga,,,Kg,10,S2024020801118,600,zero,100,,,
Salt,salt,Salt,https://static.toiimg.com/photo/68483689.cms,category:livestock products|company:magadi|type:inputs,Kg,50,S2024020801119,900,zero,100,,,
Salt Mineral,salt-mineral,Salt Mineral,https://static.toiimg.com/photo/68483689.cms,,Kg,50,S2024020801120,2250,zero,100,,,
Samorin,samorin,Samorin,,category:livestock products|company:merial|type:inputs,Grams,125,S2024020801121,150,zero,100,,,
San 21% Falcon,san-21%-falcon,San 21% Falcon,,,Kg,50,S2024020801122,2000,zero,100,,,
Sand,sand,Sand,,category:others|company:john thuita|type:inputs,Pack,10000,S2024020801123,7000,zero,100,,,
Sangaraklin,sangaraklin,Sangaraklin,,category:herbicide|company:crop therapy ltd|type:inputs,Ml,500,S2024020801124,250,zero,100,,,
Score,score,Score,,,Ml,100,S2024020801125,615,zero,100,,,
,,,,,Grams,20,S2024020801126,185,zero,100,,,
Seed,seed,Seed,,,Kg,2,S2024020801127,320,zero,100,,,
Seeds,seeds,Seeds,,,Kg,10,S2024020801128,480,zero,100,,,
Segatron,segatron,Segatron,,,Litre,1,S2024020801129,552,zero,100,,,
Sekator 0D375,sekator-0d375,Sekator 0D375,,,Litre,1,S2024020801130,12000,zero,100,,,
Semen Straw,semen-straw,Semen Straw,,category:livestock products|company:kagric|type:inputs,Ml,10,S2024020801131,250,zero,100,,,
Senc0,senc0,Senc0,,,Ml,500,S2024020801132,1600,zero,100,,,
Sencor,sencor,Sencor,,category:herbicide|company:bayer monsanto|type:inputs,Litre,1,S2024020801133,2800,zero,100,,,
Sevin,sevin,Sevin,,,Grams,200,S2024020801134,105,zero,100,,,
Sevin Dudu,sevin-dudu,Sevin Dudu,,,Grams,100,S2024020801135,88,zero,100,,,
Sevin Dududust,sevin-dududust,Sevin Dududust,,,Grams,200,S2024020801136,100,zero,100,,,
Shaagi Certified Seed,shaagi-certified-seed,Shaagi Certified Seed,,category:seeds|company:fresh crops|type:inputs,Kg,50,S2024020801137,3000,zero,100,,,
Shangi,shangi,Shangi,,,Sacks,50,S2024020801138,2800,zero,100,,,
Shangi Certified,shangi-certified,Shangi Certified,,,Kg,50,S2024020801139,2700,zero,100,,,
,,,,,Bags,50,S2024020801140,2700,zero,100,,,
Sheep Scissor,sheep-scissor,Sheep Scissor,,,Others,1,S2024020801141,1200,zero,100,,,
Shortgun,shortgun,Shortgun,,,Grams,20,S2024020801142,89,zero,100,,,
,,,,,Ml,10,S2024020801143,45,zero,100,,,
Signet,signet,Signet,,,Litre,1,S2024020801144,2250,zero,100,,,
Sila,sila,Sila,,,Kg,144,S2024020801145,404,zero,100,,,
Silage Tubes,silage-tubes,Silage Tubes,,category:hermetic|company:wamugis holding|type:inputs,Pieces,10,S2024020801146,950,zero,100,,,
Simlaw Spinach,simlaw-spinach,Simlaw Spinach,,,Pieces,12,S2024020801147,80,zero,100,,,
,,,,,Grams,500,S2024020801148,970,zero,100,,,
Sinking Solar,sinking-solar,Sinking Solar,,category:others|company:greenlight|type:inputs,Pieces,10,S2024020801149,6800,zero,100,,,
Skajcycline,skajcycline,Skajcycline,,category:poultry|company:aesthetics|type:inputs,Grams,25,S2024020801150,90,zero,100,,,
Skana Super,skana-super,Skana Super,,,Grams,250,S2024020801151,101,zero,100,,,
Skazone,skazone,Skazone,,category:livestock products|company:alphavet|type:inputs,Grams,30,S2024020801152,70,zero,100,,,
Skipper,skipper,Skipper,,,Grams,500,S2024020801153,650,zero,100,,,
Skysil Gold,skysil-gold,Skysil Gold,,,Ml,100,S2024020801154,280,zero,100,,,
Skyway,skyway,Skyway,,,Litre,1,S2024020801155,3800,zero,100,,,
Snergy,snergy,Snergy,,category:fungicides|company:angrosolution|type:inputs,Grams,60,S2024020801156,500,zero,100,,,
Snow & Winner,snow-&-winner,Snow & Winner,,,Kg,10,S2024020801157,330,zero,100,,,
Snowpease Seeds,snowpease-seeds,Snowpease Seeds,,category:seeds|company:local seed multiplier|type:inputs,Kg,1,S2024020801158,675,zero,100,,,
Sorghum Gadam,sorghum-gadam,Sorghum Gadam,,,Kg,2,S2024020801159,320,zero,100,,,
Sorghum Sila,sorghum-sila,Sorghum Sila,,,Kg,2,S2024020801160,407,zero,100,,,
Sorhum,sorhum,Sorhum,,category:seeds|company:eaml|type:inputs,Kg,2,S2024020801161,407,zero,100,,,
Sow & Winner,sow-&-winner,Sow & Winner,,,Kg,10,S2024020801162,300,zero,100,,,
Sow And Weaner,sow-and-weaner,Sow And Weaner,,,Kg,70,S2024020801163,1800,zero,100,,,
Soya,soya,Soya,,,Kg,1,S2024020801164,50,zero,100,,,
Spider Plant,spider-plant,Spider Plant,,,Grams,10,S2024020801165,274,zero,100,,,
Spinach,spinach,Spinach,,,Grams,10,S2024020801166,54,zero,100,,,
Spinach 50G,spinach-50g,Spinach 50G,,,Grams,50,S2024020801167,140,zero,100,,,
Spinach Seeds,spinach-seeds,Spinach Seeds,,,Grams,25,S2024020801168,200,zero,100,,,
Spinanch,spinanch,Spinanch,,,Grams,10,S2024020801169,48,zero,100,,,
Spinch,spinch,Spinch,,,Grams,50,S2024020801170,140,zero,100,,,
Spray Pump,spray-pump,Spray Pump,,category:others|company:barasam|type:inputs,Litre,20,S2024020801171,2000,zero,100,,,
Stainless Steel Hot Poot,stainless-steel-hot-poot,Stainless Steel Hot Poot,,category:others|company:rashnik|type:inputs,Pieces,4,S2024020801172,2000,zero,100,,,
Starmet,starmet,Starmet,,,Grams,100,S2024020801173,450,zero,100,,,
Starter Clumb,starter-clumb,Starter Clumb,,,Kg,5,S2024020801174,380,zero,100,,,
Starter Cramps,starter-cramps,Starter Cramps,,category:sacks|company:fugo|type:inputs,Kg,25,S2024020801175,92,zero,100,,,
Starter Crumbs,starter-crumbs,Starter Crumbs,,category:poultry|company:unga farm care|type:inputs,Kg,50,S2024020801176,3895,zero,100,,,
Starter Mash,starter-mash,Starter Mash,,,Kg,25,S2024020801177,92,zero,100,,,
Startermash,startermash,Startermash,,,Kg,50,S2024020801178,4245,zero,100,,,
Stel Wool,stel-wool,Stel Wool,,,Pieces,50,S2024020801179,10,zero,100,,,
Steladon,steladon,Steladon,,,Ml,35,S2024020801180,135,zero,100,,,
Steladone,steladone,Steladone,,,Ml,35,S2024020801181,130,zero,100,,,
Steleton,steleton,Steleton,,,Litre,1,S2024020801182,2500,zero,100,,,
,,,,,Kg,1,S2024020801183,2500,zero,100,,,
Sticker,sticker,Sticker,,category:sticker|company:aquawet|type:inputs,Others,15,S2024020801184,300,zero,100,,,
,,,,,Litre,1,S2024020801185,1200,zero,100,,,
Stimgrow,stimgrow,Stimgrow,,category:foliar|company:city farming|type:inputs,Litre,1,S2024020801186,1800,zero,100,,,
Stock Lick,stock-lick,Stock Lick,,,Kg,5,S2024020801187,120,zero,100,,,
Stocklick,stocklick,Stocklick,,category:livestock products|company:ram|type:inputs,Kg,1,S2024020801188,20,zero,100,,,
Stop Bloat,stop-bloat,Stop Bloat,,,Ml,125,S2024020801189,142,zero,100,,,
Stopbloat,stopbloat,Stopbloat,,category:livestock products|company:ckl|type:inputs,Ml,125,S2024020801190,160,zero,100,,,
Stoves,stoves,Stoves,,category:others|company:hifadthi. ccmpany|type:inputs,Pieces,10,S2024020801191,200,zero,100,,,
Strypen Injection,strypen-injection,Strypen Injection,,,Ml,100,S2024020801192,300,zero,100,,,
Sufuria,sufuria,Sufuria,,category:others|company:siya|type:inputs,Pieces,2,S2024020801193,2900,zero,100,,,
Sugar,sugar,Sugar,,category:sacks|company:nzoia|type:inputs,Kg,50,S2024020801194,4700,zero,100,,,
Sukuma,sukuma,Sukuma,,,Grams,250,S2024020801195,420,zero,100,,,
Sukuma Collards,sukuma-collards,Sukuma Collards,,category:seeds|company:collards|type:inputs,Grams,10,S2024020801196,75,zero,100,,,
Sukuma Wiki,sukuma-wiki,Sukuma Wiki,,,Grams,50,S2024020801197,180,zero,100,,,
Sulban,sulban,Sulban,,,Ml,100,S2024020801198,162,zero,100,,,
,,,,,Litre,1,S2024020801199,1185,zero,100,,,
Summerhood,summerhood,Summerhood,,category:seeds|company:royal seed|type:inputs,Kg,1,S2024020801200,677,zero,100,,,
Summit,summit,Summit,,,Ml,100,S2024020801201,520,zero,100,,,
Sunflower Seeds,sunflower-seeds,Sunflower Seeds,,category:livestock products|company:kenya seed|type:inputs,Kg,1,S2024020801202,55,zero,100,,,
Sungara 301,sungara-301,Sungara 301,,category:seeds|company:baraka|type:inputs,Kg,2,S2024020801203,720,zero,100,,,
Sungura,sungura,Sungura,,,Kg,2,S2024020801204,510,zero,100,,,
Sunking,sunking,Sunking,,,Others,10,S2024020801205,6800,zero,100,,,
Sunking Solar,sunking-solar,Sunking Solar,,,Others,10,S2024020801206,22075,zero,100,,,
Sunsate,sunsate,Sunsate,,category:herbicide|company:bell industries ltd.|type:inputs,Litre,1,S2024020801207,390,zero,100,,,
Super Dog Food,super-dog-food,Super Dog Food,,,Kg,5,S2024020801208,350,zero,100,,,
Super Napier Grass,super-napier-grass,Super Napier Grass,,category:seedlings|company:amos farm|type:inputs,Pieces,1,S2024020801209,50,zero,100,,,
Supergrow,supergrow,Supergrow,,category:foliar|company:agrosolutions (k) ltd.|type:inputs,Litre,1,S2024020801210,2700,zero,100,,,
Superjicycline,superjicycline,Superjicycline,,category:poultry|company:wabugo supplies|type:inputs,Grams,30,S2024020801211,90,zero,100,,,
Supermec,supermec,Supermec,,,Ml,100,S2024020801212,400,zero,100,,,
Supermec 10Msl,supermec-10msl,Supermec 10Msl,,,Ml,10,S2024020801213,64,zero,100,,,
Supermectin,supermectin,Supermectin,,,Ml,10,S2024020801214,60,zero,100,,,
Superminovit,superminovit,Superminovit,,category:pest & disease control|company:cibus|type:inputs,Ml,150,S2024020801215,500,zero,100,,,
Supernitro,supernitro,Supernitro,,,Litre,1,S2024020801216,895,zero,100,,,
Supreme,supreme,Supreme,,category:salts|company:stockman rouzen|type:inputs,Kg,2,S2024020801217,190,zero,100,,,
Survidim,survidim,Survidim,,category:others|company:laprovet|type:inputs,. Grams,2,S2024020801218,55,zero,100,,,
Synergezer,synergezer,Synergezer,,category:foliar|company:jh biotec|type:inputs,Ml,1,S2024020801219,650,zero,100,,,
Sypertix,sypertix,Sypertix,,,Ml,50,S2024020801220,197,zero,100,,,
Syringe,syringe,Syringe,,category:livestock products|company:wabugo supplies|type:inputs,Ml,10,S2024020801221,15,zero,100,,,
,,,,,Sheets,60,S2024020801222,40,zero,100,,,
Syringes,syringes,Syringes,,,Ml,20,S2024020801223,15,zero,100,,,
Tabibu,tabibu,Tabibu,https://imaginecare.co.ke/wp-content/uploads/2023/03/tabibu-01.jpg,category:pest & disease control|company:kena|type:inputs,Ml,50,T2024020801224,150,zero,100,,,
,,,,,Litre,1,T2024020801225,2350,zero,100,,,
Table,table,Table,https://www.ikea.com/in/en/images/products/nodeland-coffee-table-medium-brown__0974637_pe812499_s5.jpg?f=s,category:others|company:acme|type:inputs,Pieces,1,T2024020801226,625,zero,100,,,
Table Spoon Heavy,table-spoon-heavy,Table Spoon Heavy,https://5.imimg.com/data5/SELLER/Default/2022/12/TP/MI/YY/159516999/vinod-florence-12-piece-stainless-steel-table-spoon-set-heavy-gauge-spoon-set.png,,Others,12,T2024020801227,10,zero,100,,,
Tajiri,tajiri,Tajiri,,category:fungicides|company:kenagro supplies ltd|type:inputs,Grams,250,T2024020801228,350,zero,100,,,
,,,,,Kg,1,T2024020801229,1200,zero,100,,,
Tampline,tampline,Tampline,https://rukminim2.flixcart.com/image/850/1000/xif0q/outdoor-toy/w/f/u/4-16ft-trampoline-with-enclosure-trampoline-for-kids-adults-original-imagkgk8km7ttuh9.jpeg?q=90&crop=false,category:tarpaulins|company:agrozd|type:inputs,Pieces,10,T2024020801230,2200,zero,100,,,
Tangawizi,tangawizi,Tangawizi,https://www.kigalitoday.com/IMG/jpg/tangawizi-4.jpg,category:others|company:mbogo valley|type:inputs,Grams,50,T2024020801231,150,zero,100,,,
Tanos,tanos,Tanos,,category:fungicides|company:ddp agrosciences (k) ltd|type:inputs,Grams,80,T2024020801232,1000,zero,100,,,
Tapuline,tapuline,Tapuline,,category:tarpaulins|company:agroz|type:inputs,Pieces,1,T2024020801233,2500,zero,100,,,
Tarpaulin,tarpaulin,Tarpaulin,,category:tarpaulins|company:bell industries ltd.|type:inputs,Pieces,20,T2024020801234,2300,zero,100,,,
Tatamoto,tatamoto,Tatamoto,,category:herbicide|company:hichem|type:inputs,Pieces,50,T2024020801235,320,zero,100,,,
Taupplin,taupplin,Taupplin,,category:tarpaulins|company:ago z|type:inputs,. Pieces,4,T2024020801236,2200,zero,100,,,
Tecamin Brix,tecamin-brix,Tecamin Brix,,category:foliar|company:agritecno|type:inputs,Ml,500,T2024020801237,420,zero,100,,,
Tecamin Flower,tecamin-flower,Tecamin Flower,,,Litre,1,T2024020801238,820,zero,100,,,
Terrexine,terrexine,Terrexine,,category:livestock products|company:unive ltd|type:inputs,Grams,10,T2024020801239,223,zero,100,,,
Thabithi Can,thabithi-can,Thabithi Can,,,Kg,10,T2024020801240,580,zero,100,,,
Thabithi Dap,thabithi-dap,Thabithi Dap,,,Kg,10,T2024020801241,1280,zero,100,,,
Thiovit Jet,thiovit-jet,Thiovit Jet,,,Kg,1,T2024020801242,590,zero,100,,,
Thousand Headed,thousand-headed,Thousand Headed,,,Grams,25,T2024020801243,90,zero,100,,,
Thunder,thunder,Thunder,,,ML,100,T2024020801244,800,zero,100,,,
,,,,,Grams,10,T2024020801245,500,zero,100,,,
,,,,,Litre,1,T2024020801246,4000,zero,100,,,
Tihan,tihan,Tihan,,,Ml,50,T2024020801247,475,zero,100,,,
Tik Dip,tik-dip,Tik Dip,,category:livestock products|company:house farm ltd|type:inputs,Ml,40,T2024020801248,165,zero,100,,,
Tikdip,tikdip,Tikdip,,,Ml,20,T2024020801249,90,zero,100,,,
Tikfix,tikfix,Tikfix,,,Ml,20,T2024020801250,77,zero,100,,,
Timber,timber,Timber,,,Pieces,20,T2024020801251,260,zero,100,,,
Tinga Tinga Herbicide,tinga-tinga-herbicide,Tinga Tinga Herbicide,,category:herbicide|company:geneva agrochemicals ltd|type:inputs,Ml,500,T2024020801252,675,zero,100,,,
,,,,,Litre,1,T2024020801253,1300,zero,100,,,
Tinga Tinga Top,tinga-tinga-top,Tinga Tinga Top,,,Litre,1,T2024020801254,1450,zero,100,,,
Tixfix,tixfix,Tixfix,,,Ml,20,T2024020801255,68,zero,100,,,
Token,token,Token,,category:poultry|company:kplc|type:inputs,Others,2000,T2024020801256,1000,zero,100,,,
Tomato Rio Grande,tomato-rio-grande,Tomato Rio Grande,,,Grams,10,T2024020801257,120,zero,100,,,
Tomato Riogrande,tomato-riogrande,Tomato Riogrande,,,Grams,10,T2024020801258,250,zero,100,,,
Tomatoes Ansal,tomatoes-ansal,Tomatoes Ansal,,category:seedlings|company:plantings nurseries limited|type:inputs,Trays,42,T2024020801259,4,zero,100,,,
Tommy Dog Food,tommy-dog-food,Tommy Dog Food,,category:livestock products|company:heritage foods kenya ltd|type:inputs,Kg,5,T2024020801260,430,zero,100,,,
Top Max,top-max,Top Max,,category:foliar|company:pecolchem|type:inputs,Ml,500,T2024020801261,220,zero,100,,,
Top Ranch,top-ranch,Top Ranch,,,Kg,1,T2024020801262,80,zero,100,,,
Topaz,topaz,Topaz,,,Ml,100,T2024020801263,300,zero,100,,,
Topmax,topmax,Topmax,,,Ml,500,T2024020801264,220,zero,100,,,
,,,,,Litre,1,T2024020801265,410,zero,100,,,
Topnet,topnet,Topnet,,category:fungicides|company:agrichem africa ltd|type:inputs,Litre,1,T2024020801266,1480,zero,100,,,
,,,,,Ml,100,T2024020801267,200,zero,100,,,
Topranch,topranch,Topranch,,,Kg,2,T2024020801268,170,zero,100,,,
Topwonder,topwonder,Topwonder,,category:fungicides|company:botachem industries|type:inputs,Ml,100,T2024020801269,190,zero,100,,,
Tratix,tratix,Tratix,,category:livestock products|company:africa ltd|type:inputs,Ml,20,T2024020801270,150,zero,100,,,
Trevin ,trevin,Trevin ,,,Grams,100,T2024020801271,73,zero,100,,,
Trevin Dudu Dust,trevin-dudu-dust,Trevin Dudu Dust,,,Grams,100,T2024020801272,85,zero,100,,,
Triatix,triatix,Triatix,,,Litre,100,T2024020801273,248,zero,100,,,
,,,,,Ml,20,T2024020801274,78,zero,100,,,
Trinity Gold,trinity-gold,Trinity Gold,,,Grams,100,T2024020801275,190,zero,100,,,
,,,,,Kg,1,T2024020801276,1600,zero,100,,,
Truvet,truvet,Truvet,,category:insecticides|company:green life|type:inputs,Ml,50,T2024020801277,120,zero,100,,,
Trypamed,trypamed,Trypamed,,,. Grams,2,T2024020801278,30,zero,100,,,
Trypamed,trypamed,Trypamed ,,,. Grams,2,T2024020801279,35,zero,100,,,
Trypamedium Samorin,trypamedium-samorin,Trypamedium Samorin,,,Grams,125,T2024020801280,150,zero,100,,,
Trypazine,trypazine,Trypazine,,category:livestock products|company:twiga chemicals|type:inputs,. Grams,2,T2024020801281,40,zero,100,,,
Twiga Ace,twiga-ace,Twiga Ace,,,Ml,100,T2024020801282,548,zero,100,,,
Twigacyline 20%,twigacyline-20%,Twigacyline 20%,,,Ml,100,T2024020801283,200,zero,100,,,
Twigalaxy,twigalaxy,Twigalaxy,,,Litre,3,T2024020801284,2200,zero,100,,,
Twigalaxyl,twigalaxyl,Twigalaxyl,,,Grams,500,T2024020801285,750,zero,100,,,
Twigalix,twigalix,Twigalix,,category:livestock products|company:twiga chemical industries ltd.|type:inputs,Kg,2,T2024020801286,260,zero,100,,,
Twigamec,twigamec,Twigamec,,,Ml,10,T2024020801287,60,zero,100,,,
Twigamycin 10%,twigamycin-10%,Twigamycin 10%,,category:others|company:twiga chemicals|type:inputs,Ml,100,T2024020801288,150,zero,100,,,
Twigatrax,twigatrax,Twigatrax,,,Ml,100,T2024020801289,220,zero,100,,,
,,,,,Kg,100,T2024020801290,190,zero,100,,,
Twine,twine,Twine,,,Grams,100,T2024020801291,60,zero,100,,,
Twisted Rope,twisted-rope,Twisted Rope,,category:others|company:brush manufacturers ltd|type:inputs,Pieces,10,T2024020801292,250,zero,100,,,
Tyldoxy,tyldoxy,Tyldoxy,,,Grams,200,T2024020801293,180,zero,100,,,
Tylo Doxy,tylo-doxy,Tylo Doxy,,category:poultry|company:vetcare company|type:inputs,Grams,25,T2024020801294,170,zero,100,,,
Tylodoxi ,tylodoxi,Tylodoxi ,,category:poultry|company:metrovet|type:inputs,Grams,100,T2024020801295,385,zero,100,,,
Tylodoxy,tylodoxy,Tylodoxy,,category:poultry|company:alphavet|type:inputs,Grams,25,T2024020801296,98,zero,100,,,
Tylodoxy 20% 200W,tylodoxy-20%-200w,Tylodoxy 20% 200W,,,Grams,25,T2024020801297,158,zero,100,,,
Tylosin Dawa ,tylosin-dawa,Tylosin Dawa ,,,Ml,100,T2024020801298,413,zero,100,,,
Uchonga,uchonga,Uchonga,,,Kg,50,U2024020801299,87,zero,100,,,
Uhp,uhp,Uhp,,,Kg,2,U2024020801300,265,zero,100,,,
Ultradip,ultradip,Ultradip,https://pictures-kenya.jijistatic.com/60176965_NjIwLTYyMC01NjVjNWY0OTZk.webp,category:livestock products|company:sidai|type:inputs,Ml,50,U2024020801301,265,zero,100,,,
Ultradip ,ultradip,Ultradip ,https://pictures-kenya.jijistatic.com/60176965_NjIwLTYyMC01NjVjNWY0OTZk.webp,category:acaricides|company:sudai|type:inputs,Ml,100,U2024020801302,403,zero,100,,,
Ultramix,ultramix,Ultramix,https://5.imimg.com/data5/SELLER/Default/2022/9/KF/BJ/IO/35352228/oil-fortification-premix.png,category:livestock products|company:utravetis|type:inputs,Kg,2,U2024020801303,320,zero,100,,,
Ultramix Joto,ultramix-joto,Ultramix Joto,https://agroduka.com/images/product/Ultramix-Joto-1024x683_1.png,,Kg,1,U2024020801304,150,zero,100,,,
Ultramix Maziwa,ultramix-maziwa,Ultramix Maziwa,https://ultravetis.com/resize/upload/4/325/Ultramix%20Maziwa%20packs%20OC-PRODUCTSLIDER.jpg,category:feeds|company:magnetic (k) ltd|type:inputs,Kg,2,U2024020801305,315,zero,100,,,
Ultramix Nyama,ultramix-nyama,Ultramix Nyama,https://ultravetis.com/resize/upload/4/325/Ultramix%20Maziwa%20packs%20OC-PRODUCTSLIDER.jpg,,Kg,1,U2024020801306,60,zero,100,,,
Undertaker,undertaker,Undertaker,,,Grams,100,U2024020801307,230,zero,100,,,
,,,,,Litre,1,U2024020801308,1600,zero,100,,,
Unifarm Salt,unifarm-salt,Unifarm Salt,,,Kg,10,U2024020801309,180,zero,100,,,
Urea,urea,Urea,,,Kg,10,U2024020801310,680,zero,100,,,
Urea Fertiliser,urea-fertiliser,Urea Fertiliser,,,Sacks,50,U2024020801311,3900,zero,100,,,
Urea Fertilizer,urea-fertilizer,Urea Fertilizer,,category:plant growth booster|company:kenagro supplies ltd|type:inputs,Kg,50,U2024020801312,3750,zero,100,,,
Valvazen,valvazen,Valvazen,https://images-cdn.ubuy.co.in/633ab3608bc2c101a15a9900-valbazen-susp-1000ml-w-strap.jpg,,Ml,40,V2024020801313,210,zero,100,,,
Vanisi,vanisi,Vanisi,,category:fertilizers|company:vanisi potato|type:inputs,Kg,50,V2024020801314,5100,zero,100,,,
Vatalcrop,vatalcrop,Vatalcrop,https://www.anicrop.co.tz/wp-root/wp-content/uploads/2016/12/IMG_5943-comp.jpg,category:foliar|company:vitalcrop science|type:inputs,Ml,100,V2024020801315,150,zero,100,,,
Vectoclor,vectoclor,Vectoclor,https://www.anicrop.co.tz/wp-root/wp-content/uploads/2016/12/IMG_5943-comp.jpg,category:livestock products|company:elgon (k) ltd.|type:inputs,Ml,50,V2024020801316,245,zero,100,,,
Vedex,vedex,Vedex,,category:pest & disease control|company:kenaagro|type:inputs,Ml,25,V2024020801317,65,zero,100,,,
Vegetables,vegetables,Vegetables,https://cdn.britannica.com/17/196817-050-6A15DAC3/vegetables.jpg?w=400&h=300&c=crop,category:others|company:vellah omagwa|type:inputs,Others,10,V2024020801318,600,zero,100,,,
Vegimax,vegimax,Vegimax,https://storage.googleapis.com/ezyagric-media/images/Vegimax-compressed.jpg,,Ml,125,V2024020801319,370,zero,100,,,
Velji,velji,Velji,,category:foliar|company:orbitagro|type:inputs,Grams,250,V2024020801320,90,zero,100,,,
Velum,velum,Velum,,category:others|company:bayer|type:inputs,Pieces,40,V2024020801321,1000,zero,100,,,
,,,,,Ml,125,V2024020801322,400,zero,100,,,
Velum Prime ,velum-prime,Velum Prime,,,Ml,40,V2024020801323,1465,zero,100,,,
Vendex,vendex,Vendex,,category:pest & disease control|company:upl|type:inputs,Ml,25,V2024020801324,80,zero,100,,,
Vetmix Maziwa,vetmix-maziwa,Vetmix Maziwa,,category:livestock products|company:agafert|type:inputs,Kg,5,V2024020801325,350,zero,100,,,
Vetoxy,vetoxy,Vetoxy,,,Grams,25,V2024020801326,110,zero,100,,,
Vetoxy 20,vetoxy-20,Vetoxy 20,,category:livestock products|company:afyavet|type:inputs,Grams,25,V2024020801327,87,zero,100,,,
Vetoxy 5,vetoxy-5,Vetoxy 5,,,Ml,50,V2024020801328,58,zero,100,,,
Vf Tomato,vf-tomato,Vf Tomato,,,Grams,10,V2024020801329,250,zero,100,,,
Victory,victory,Victory,,,Grams,500,V2024020801330,8000,zero,100,,,
Vigorex,vigorex,Vigorex,,category:poultry|company:atlantis life science|type:inputs,Litre,1,V2024020801331,1500,zero,100,,,
Vita Boost,vita-boost,Vita Boost,,category:vaccines|company:shanghai|type:inputs,Ml,50,V2024020801332,110,zero,100,,,
Vita Booster,vita-booster,Vita Booster,,,Litre,1,V2024020801333,100,zero,100,,,
,,,,,Ml,500,V2024020801334,66,zero,100,,,
Vitaboost ,vitaboost,Vitaboost ,,,Ml,100,V2024020801335,190,zero,100,,,
Vitabor Goid,vitabor-goid,Vitabor Goid,,,Ml,500,V2024020801336,551,zero,100,,,
Vitabor Gold,vitabor-gold,Vitabor Gold,,,Ml,500,V2024020801337,385,zero,100,,,
Vital Dama,vital-dama,Vital Dama,,category:livestock products|company:vital|type:inputs,Kg,1,V2024020801338,135,zero,100,,,
Vital Joto,vital-joto,Vital Joto,,,Kg,1,V2024020801339,150,zero,100,,,
Vital Maziwa,vital-maziwa,Vital Maziwa,,,Kg,2,V2024020801340,350,zero,100,,,
Vitaphos Maziwa,vitaphos-maziwa,Vitaphos Maziwa,,category:livestock products|company:cibus|type:inputs,Kg,2,V2024020801341,228,zero,100,,,
Volcano High K,volcano-high-k,Volcano High K,,category:foliar|company:hangzhou agro ind ea ltd.|type:inputs,Litre,1,V2024020801342,600,zero,100,,,
,,,,,Ml,500,V2024020801343,310,zero,100,,,
Volcano V,volcano-v,Volcano V,,,Ml,500,V2024020801344,340,zero,100,,,
Volcano Viazi,volcano-viazi,Volcano Viazi,,,Litre,1,V2024020801345,600,zero,100,,,
,,,,,Ml,500,V2024020801346,310,zero,100,,,
Voltage,voltage,Voltage,,,Ml,50,V2024020801347,140,zero,100,,,
Vondozeb,vondozeb,Vondozeb,,,Kg,1,V2024020801348,612,zero,100,,,
Waduduklin,waduduklin,Waduduklin,,,Pieces,50,W2024020801349,95,zero,100,,,
,,,,,Ml,500,W2024020801350,650,zero,100,,,
,,,,,Litre,1,W2024020801351,1200,zero,100,,,
,,,,,Grams,50,W2024020801352,90,zero,100,,,
Water,water,Water,https://www.thespruceeats.com/thmb/4Uxr_CKC7aR-UhEicIvVqLaiO0k=/1500x0/filters:no_upscale():max_bytes(150000):strip_icc()/GettyImages-488636063-5ab2dbd8a8ff48049cfd36e8ad841ae5.jpg,category:others|company:cocacola|type:inputs,Ml,24,W2024020801353,23,zero,100,,,
Water Melon,water-melon,Water Melon,https://wockhardthospital.b-cdn.net/wp-content/uploads/2023/10/Top-5-Health-Benefits-of-Watermelon.jpg,,Grams,10,W2024020801354,301,zero,100,,,
Water Tanks,water-tanks,Water Tanks,https://www.adnanwatertank.com/wp-content/uploads/2020/10/Adnan-Water-Tanks-Vertical_Red.png-600x600.jpg,category:others|company:captain heet coltd|type:inputs,Pieces,1,W2024020801355,2600,zero,100,,,
Watermelon Seed,watermelon-seed,Watermelon Seed,https://c.ndtvimg.com/watermelon-seeds_625x300_1529325606801.jpg?im=Resize=(1230,900),,Grams,500,W2024020801356,10000,zero,100,,,
Weedal,weedal,Weedal,https://img1.wsimg.com/isteam/ip/42d28268-2b97-4a7c-ab10-f487e67bb049/Screenshot%202023-04-19%20at%2010.08.05%20AM.png,,Litre,5,W2024020801357,2000,zero,100,,,
,,,,,Ml,500,W2024020801358,350,zero,100,,,
Weedal 480Sl,weedal-480sl,Weedal 480Sl,https://img1.wsimg.com/isteam/ip/42d28268-2b97-4a7c-ab10-f487e67bb049/Screenshot%202023-04-19%20at%2010.08.05%20AM.png,,Litre,1,W2024020801359,480,zero,100,,,
Weedal480Sl,weedal480sl,Weedal480Sl,,category:herbicide|company:agrochemicals|type:inputs,Litre,1,W2024020801360,650,zero,100,,,
Weedall,weedall,Weedall,,category:herbicide|company:monsanto|type:inputs,Ml,1000,W2024020801361,700,zero,100,,,
Week Old Chicks,week-old-chicks,Week Old Chicks,,category:others|company:pafa poultry breeders and hatcheries|type:inputs,Pieces,1,W2024020801362,130,zero,100,,,
Weeless,weeless,Weeless,,,Litre,1,W2024020801363,390,zero,100,,,
Wheat Brand.,wheat-brand.,Wheat Brand.,,,Sacks,40,W2024020801364,1050,zero,100,,,
,,,,,Kg,40,W2024020801365,1050,zero,100,,,
Wheat Flour,wheat-flour,Wheat Flour,,,Kg,24,W2024020801366,94,zero,100,,,
Wheatbrand,wheatbrand,Wheatbrand,,category:others|company:fugo feeds|type:inputs,Kg,40,W2024020801367,1000,zero,100,,,
Wormcid,wormcid,Wormcid,,category:livestock products|company:aak|type:inputs,Litre,1,W2024020801368,350,zero,100,,,
Wormcid Tabs,wormcid-tabs,Wormcid Tabs,,,Pieces,1,W2024020801369,15,zero,100,,,
Wormicid 150 Sheep Tab,wormicid-150-sheep-tab,Wormicid 150 Sheep Tab,,,Pieces,1,W2024020801370,3,zero,100,,,
Wormizan Plus,wormizan-plus,Wormizan Plus,,,Ml,500,W2024020801371,415,zero,100,,,
Worries,worries,Worries,,,Ml,20,W2024020801372,800,zero,100,,,
,,,,,Litre,5,W2024020801373,12000,zero,100,,,
Wound Powder,wound-powder,Wound Powder,,category:others|company:nk|type:inputs,Grams,30,W2024020801374,45,zero,100,,,
Wuxal,wuxal,Wuxal,,category:foliar|company:bayer monsanto|type:inputs,Ml,500,W2024020801375,700,zero,100,,,
,,,,,Litre,1,W2024020801376,1500,zero,100,,,
Wuxal Copper,wuxal-copper,Wuxal Copper,,,Litre,1,W2024020801377,1025,zero,100,,,
Wuxal Micromix,wuxal-micromix,Wuxal Micromix,,category:foliar|company:bayer east africa|type:inputs,Ml,500,W2024020801378,670,zero,100,,,
Yala Power,yala-power,Yala Power,,,Kg,50,Y2024020801379,3350,zero,100,,,
Yara Bela Extran,yara-bela-extran,Yara Bela Extran,https://assets.yara.com/eab65a7ba7ea4c67ac36d79fb641ed08.jpg,,Kg,50,Y2024020801380,2600,zero,100,,,
Yara Bela Sulfan,yara-bela-sulfan,Yara Bela Sulfan,https://assets.yara.com/eab65a7ba7ea4c67ac36d79fb641ed08.jpg,,Kg,50,Y2024020801381,2500,zero,100,,,
Yara Bella,yara-bella,Yara Bella,https://assets.yara.com/eab65a7ba7ea4c67ac36d79fb641ed08.jpg,,Kg,50,Y2024020801382,4800,zero,100,,,
Yara Can,yara-can,Yara Can,https://imaginecare.co.ke/wp-content/uploads/2022/02/yara.png,category:top dressing|company:yara east africa|type:inputs,Kg,10,Y2024020801383,1200,zero,100,,,
Yara Cerael,yara-cerael,Yara Cerael,https://ifarmer.pl/eng_pl_Yara-Mila-Complex-10-kg-10093_1.jpg,,Bags,50,Y2024020801384,3175,zero,100,,,
Yara Chapameli(Dap),yara-chapameli(dap),Yara Chapameli(Dap),,,Kg,50,Y2024020801385,3500,zero,100,,,
Yara Crop,yara-crop,Yara Crop,,category:foliar|company:yara|type:inputs,Litre,1,Y2024020801386,1000,zero,100,,,
Yara Crop Boost,yara-crop-boost,Yara Crop Boost,,,Litre,1,Y2024020801387,850,zero,100,,,
Yara Extran Can,yara-extran-can,Yara Extran Can,,,Kg,50,Y2024020801388,2700,zero,100,,,
Yara M Cerael,yara-m-cerael,Yara M Cerael,,,Kg,50,Y2024020801389,2200,zero,100,,,
Yara Microp,yara-microp,Yara Microp,,,Kg,50,Y2024020801390,3600,zero,100,,,
Yara Microp Planting,yara-microp-planting,Yara Microp Planting,,,Bags,50,Y2024020801391,5300,zero,100,,,
Yara Microp Top Tracing,yara-microp-top-tracing,Yara Microp Top Tracing,,,Bags,50,Y2024020801392,4250,zero,100,,,
Yara Mila Cereal,yara-mila-cereal,Yara Mila Cereal,,,Kg,50,Y2024020801393,3150,zero,100,,,
Yara Mila Java,yara-mila-java,Yara Mila Java,,,Kg,50,Y2024020801394,2650,zero,100,,,
Yara Mila Power,yara-mila-power,Yara Mila Power,,,Kg,50,Y2024020801395,3200,zero,100,,,
Yara Mila Winner,yara-mila-winner,Yara Mila Winner,,,Kg,50,Y2024020801396,3300,zero,100,,,
,,,,,Bags,50,Y2024020801397,4560,zero,100,,,
Yara Nitribo,yara-nitribo,Yara Nitribo,,,Kg,25,Y2024020801398,2400,zero,100,,,
Yara Power,yara-power,Yara Power,,,Kg,10,Y2024020801399,770,zero,100,,,
Yara Vera Amidas,yara-vera-amidas,Yara Vera Amidas,,,Kg,50,Y2024020801400,4200,zero,100,,,
Yara Vita Crop Boost,yara-vita-crop-boost,Yara Vita Crop Boost,,,Litre,5,Y2024020801401,4000,zero,100,,,
,,,,,Bags,10,Y2024020801402,2300,zero,100,,,
Zentaniel,zentaniel,Zentaniel,,category:fungicides|company:orbitagro|type:inputs,Grams,250,Z2024020801403,350,zero,100,,,
Zetanil,zetanil,Zetanil,https://www.phyteurop.com/wp2k21/i/produits/visuels/Phyteurop_3760178980739_Zetanil-F-10L.jpg,,Grams,500,Z2024020801404,750,zero,100,,,
,,,,,Kg,1,Z2024020801405,1350,zero,100,,,
Zinc Boron,zinc-boron,Zinc Boron,https://5.imimg.com/data5/SELLER/Default/2022/12/EN/UZ/UU/5280580/zinbo-liquid-1-ltr-500x500.jpg,,Ml,500,Z2024020801406,456,zero,100,,,
Zito,zito,Zito,https://5.imimg.com/data5/QN/SC/YY/ANDROID-2313893/1578377717912-jpg-500x500.jpg,category:livestock products|company:magnetic (k) ltd|type:inputs,Pieces,10,Z2024020801407,120,zero,100,,,
Zolazol,zolazol,Zolazol,https://ar.zoetis.com/_locale-assets/mcm-portal-assets/productos/publishingimages/zelazol-+-caja.png,category:drugs|company:cosmos|type:inputs,Grams,5,Z2024020801408,56,zero,100,,,
